dataset,indicator,average_percentage,maximum_percentage,minimum_percentage
organic_fertilizer.csv,overall,81.78225806451613,98.54,47.83
organic_fertilizer.csv,ssf,81.93290322580644,98.95,47.41
organic_fertilizer.csv,lsf,78.44933333333333,100.0,16.67
organic_fertilizer.csv,overall_1,69.53516129032259,89.13,52.19
organic_fertilizer.csv,ssf.1,69.53516129032259,89.13,52.19
organic_fertilizer.csv,lsf.1,77.90333333333334,100.0,20.0
organic_fertilizer.csv,overall_.1,69.72435161688456,82.96644407238485,50.41717406866436
organic_fertilizer.csv,ssf.2,69.33037238183394,82.96644407238485,50.54690284164843
organic_fertilizer.csv,lsf.2,86.42507495864018,100.0,28.55824242747382
inorganic_fertilizer.csv,overall,57.078387096774186,89.7,20.29
inorganic_fertilizer.csv,ssf,56.2674193548387,89.67,19.26
inorganic_fertilizer.csv,lsf,81.70966666666665,100.0,50.0
inorganic_fertilizer.csv,overall.1,51.83290322580645,71.02,23.23
inorganic_fertilizer.csv,ssf.1,51.832258064516125,71.01,23.23
inorganic_fertilizer.csv,lsf.1,83.56300000000002,100.0,50.0
inorganic_fertilizer.csv,overall.2,57.053765554250404,87.31065812378705,30.201150385783126
inorganic_fertilizer.csv,ssf.2,55.22749882857572,86.74537697574044,28.242903676128435
inorganic_fertilizer.csv,lsf.2,96.28556169429467,100.0,63.36564389799291
inorganic_fertilizer_sources.csv,government_minagri_rab_naeb,0.6741935483870967,3.09,0.0
inorganic_fertilizer_sources.csv,agro-dealers,43.000322580645154,96.43,13.72
inorganic_fertilizer_sources.csv,ngos__companies,48.09354838709678,77.43,0.0
inorganic_fertilizer_sources.csv,market,4.3180645161290325,11.89,0.0
inorganic_fertilizer_sources.csv,agricultural_cooperative,3.8296774193548386,14.65,0.0
inorganic_fertilizer_sources.csv,other_source,0.08419354838709676,1.08,0.0
inorganic_fertilizer_sources.csv,total,100.0,100.0,100.0
fertilizer_types.csv,government_minagri_rab_naeb,2.7017647058823533,33.33,0.0
fertilizer_types.csv,agro-deal,49.67529411764706,88.46,31.03
fertilizer_types.csv,ngos,38.05470588235294,66.67,0.0
fertilizer_types.csv,market,3.566470588235294,9.84,0.0
fertilizer_types.csv,agricultural_cooperative,5.12764705882353,30.0,0.0
fertilizer_types.csv,other_source,0.8747058823529411,14.29,0.0
fertilizer_types.csv,total,100.0,100.0,100.0
fertilizer_types_district.csv,npk,21.086451612903232,53.21,1.98
fertilizer_types_district.csv,urea,38.94451612903226,58.17,19.11
fertilizer_types_district.csv,dap,36.59709677419354,59.98,20.25
fertilizer_types_district.csv,di_grow,0.15161290322580645,1.38,0.0
fertilizer_types_district.csv,lime,2.0048387096774194,17.53,0.0
fertilizer_types_district.csv,others,1.2154838709677418,9.58,0.0
fertilizer_types_district.csv,total,100.0,100.0,100.0
