indicator,total_percentage,average_percentage,maximum_percentage,minimum_percentage
sold,1110.7925699999998,52.89488428571428,95.46442,4.78913
own_consumption,598.1550199999999,28.483572380952378,51.50631,1.12008
wages_for_hired_labour,14.888219999999999,0.7089628571428571,2.01132,0.0
farm_rent,20.61394,0.9816161904761904,3.64033,0.0
offered_as_gift,95.049,4.526142857142857,7.91232,0.0
barter_trade_exchanged_with_other_things,1.9204999999999997,0.09145238095238094,0.434,0.0
seeds,131.96395,6.28399761904762,20.35119,0.0
fodder_purpose,97.66622000000001,4.6507723809523815,91.17529,0.0
stored,9.424959999999999,0.448807619047619,1.64257,0.0
post_harvesting_losses,7.357839999999999,0.35037333333333326,1.45023,0.00023
other_usage,12.16779,0.5794185714285714,1.63405,0.08561
