table_7:_2026_season_b_agricultural_land_use_per_district_000ha,unnamed:_2,unnamed:_3,unnamed:_4,unnamed:_5,unnamed:_6,unnamed:_7,unnamed:_8,unnamed:_9,unnamed:_10,unnamed:_11
District,Total land area,Agricultural land,% of agricultural land,Arable land,Physical cultivated land,Area under seasonal crops,Area under permanent crops,Temporary fallow land,Temporarily meadow and pasture,Area under permanent pasture
Nyarugenge,13.094142307934574,7.852658,59.97077025229499,5.6651549999999995,6.683858,4.56756,3.308656,1.097595,0,0.07120474
Gasabo,42.710230252148435,20.64365,48.33420442391919,18.17134,18.36347,15.97512,9.886199000000001,1.890362,0.3494622,0.04036229
Kicukiro,16.562534364404296,5.471424,33.034944288230555,4.390778,4.46663,3.385984,2.301698,0.9533513,0.05144267,0
Nyanza,67.04278783349609,47.29768,70.54849824781454,45.87308,42.102309999999996,40.90708,15.02539,4.7939799999999995,0.2293623,0.1720218
Gisagara,67.47864910018312,46.050059999999995,68.24389731280947,44.02728,40.51631,39.2055,15.2655,4.821779,0,0.71197
Nyaruguru,101.04798560838621,35.86985,35.49783776889371,31.62236,30.66857,26.42109,10.40321,4.395403,0.8058703,0
Huye,58.063407297619634,37.03017,63.77539955619878,36.23615,33.0324,32.23838,13.781780000000001,3.949227,0.04854825,0
Nyamagabe,109.0743344895996,49.4525,45.338346762698215,43.6812,40.83182,35.06052,14.87455,8.445283,0.1754008,0
Ruhango,62.584193684021,46.17989,73.78842369233983,41.14642,39.13998,34.27011,15.613280000000001,6.063936,0.9179773,0.05800045
Muhanga,64.09447869753419,44.0214,68.68204702582841,37.74882,35.34196,29.12767,18.38857,6.930016999999999,1.691136,0.05829566
Kamonyi,65.75003541818847,48.98937,74.50850739229874,42.44374,42.76337,36.332440000000005,19.48178,5.7098819999999995,0.4014227,0.1146922
Karongi,78.812256053125,44.62104,56.61687944819431,36.14111,37.6194,29.019389999999998,20.71416,6.390015,0.6116189000000001,0
Rutsiro,66.06075854906008,35.94,54.40446157352118,27.82743,28.92568,21.23186,14.590069999999999,5.962439000000001,0.5807863,0.4710965
Rubavu,33.876553168090815,24.309150000000002,71.75803830862405,22.54182,21.482029999999998,20.835939999999997,4.823586000000001,1.6135899999999999,0.4332651,0.7802681
Nyabihu,54.03321182441407,30.82232,57.043286821742136,29.97147,24.20753,23.74671,3.9634169999999997,6.041224000000001,0.4310348,0.14252320000000002
Ngororero,66.662476711145,43.83145,65.75130742580407,38.221019999999996,34.61284,29.00241,15.31304,8.828175,0.3904314,0
Rusizi,91.62673150339356,39.18741000000001,42.76853420068644,33.700720000000004,35.82857,30.44868,14.751389999999999,3.14785,0.1041944,0.1067928
Nyamasheke,94.76788813907473,37.13635,39.186638775258224,31.133650000000003,33.925129999999996,27.92242,17.80002,2.956357,0.2548699,0
Rulindo,56.62350235334475,34.47476,60.88418866227829,27.27497,28.93095,21.67279,14.54995,5.479521,0.06428812,0
Gakenke,70.03174641347655,46.42541000000001,66.29194954799262,40.18474,38.50365,32.26298,16.39873,7.677518,0.2442473,0
Musanze,50.91807325129395,30.46591,59.833194884737296,28.42512,24.61768,22.73073,4.603752,5.614374,0.08703819,0.14681280000000002
Burera,58.419612178442385,37.7341,64.59149349492667,36.81675,30.112419999999997,29.19507,4.789303,6.866099,0.7555744999999999,0
Gicumbi,82.46595814401856,54.17322,65.69161532737166,49.13449,46.03678,41.31849,15.867389999999999,6.63442,1.181585,0.3204286
Rwamagana,65.1446796352051,43.45775,66.7095920086693,37.36702,36.83492,32.2934,17.31353,3.673511,1.407619,1.541696
Nyagatare,191.47989576711424,147.1001,76.8227387061612,90.67205,91.80887,84.66313000000001,70.00479,5.040158,0.9949604000000001,49.25608999999999
Gatsibo,153.2742017575928,78.40371,51.15258086549851,61.07528,67.64185,57.415330000000004,36.38081,3.040266,0.6427877,7.078808
Kayonza,179.99424071804202,89.34138,49.63568814401778,66.11372,62.95692,58.81135,40.936080000000004,6.676737,0.6458157,19.06191
Kirehe,114.15096917944335,77.18078,67.61289943905176,65.51537,69.46752000000001,59.64757,31.25034,5.867796,0.9364933999999999,0.9089684
Ngoma,80.26310612858886,56.44996,70.33114306536055,47.94426,50.47787,44.11622,25.9227,3.6906570000000003,0.08040259000000001,2.201024
Bugesera,120.19015386010744,73.89911000000001,61.485161326952934,69.87526,62.44099,58.54846,17.221709999999998,10.80274,0.479144,0.1762347
National,2376.2987943884887,1413.813,59.49643215485566,1190.943,1160.342,1022.374,525.5254,155.05429999999998,14.996780000000001,83.4192
"Source: NISR, SAS 2026",,,,,,,,,,
