table_8:,area_under_agricultural_practices_ha,unnamed:_3,unnamed:_4,unnamed:_5,unnamed:_6
District,,Agricultural area under erosion control,Agricultural area under agroforestry trees,Agricultural area under fertilizer application,
,,,,Inorganic fertilizer,Organic fertilizer
Nyarugenge,16.31062,5213.603,4765.674,398.0933,3233.389
Gasabo,349.4346,15099.51,11123.06,5280.549,10237.98
Kicukiro,24.40747,2997.678,2996.438,475.3367,1591.376
Nyanza,878.9026,41066.15,27042.16,5626.34,20192.34
Gisagara,2144.989,33224.61,22960.2,9760.153,22166.75
Nyaruguru,134.2377,32246.75,14237.03,13334.78,18413.13
Huye,1065.498,32051.32,16342.52,5165.099,23248.89
Nyamagabe,153.8858,40724.85,21022.82,15114.42,27116.48
Ruhango,1134.081,38382.42,21389.98,4979.878,20918.53
Muhanga,239.7054,39742.84,23912.26,5841.289,22955.6
Kamonyi,584.543,39853.37,24628,4337.006,20901.14
Karongi,63.92994,34610.64,21161.47,11318.77,23027.27
Rutsiro,104.6881,28207.42,18521.94,10165.2,19167.65
Rubavu,0.0,19228.01,13683.46,11029.23,8024.759
Nyabihu,0.0,28701.22,20963.8,15041.81,16514.97
Ngororero,55.77584,41511.14,24583.42,14672.65,22448.99
Rusizi,1659.615,27140.04,24470.55,13293.61,14622.91
Nyamasheke,371.9358,30778.11,22898.88,13736.68,20179.51
Rulindo,145.6308,31075.85,17107.88,8048.764,18573.94
Gakenke,20.13402,42127.39,22022.66,14036.2,25122.45
Musanze,0.0,20191.24,15661.05,11036.13,14678.49
Burera,30.53182,34648.91,20811.78,13580.38,21127.47
Gicumbi,0.0,51030.67,29037.81,15069.5,32959.13
Rwamagana,1260.839,35878.96,31323.79,12926.32,19012.12
Nyagatare,4024.671,100559.8,92266.58,55106.41,36311.93
Gatsibo,2216.551,69753.1,50545.63,27992.35,33970.01
Kayonza,2663.856,54889.77,54712.85,19344.95,21797.84
Kirehe,3122.181,52042.41,50512.73,21012.19,22726.35
Ngoma,1078.997,35171.18,32125.75,6898.329,13418.14
Bugesera,1992.571,42774.66,48408.02,22531.56,28799.07
National ,25537.9,1100924,801240.2,387154,603458.6
"Source: NISR, SAS 2026",,,,,
