district,farmers_who_protected_land_against_erosion_percent,unnamed:_3,unnamed:_4,farmers_who_used_any_mechanical_equipment_for_agriculture_activities_percent,unnamed:_6,unnamed:_7,farmers_who_practiced_irrigation_percent,unnamed:_9,unnamed:_10,farmers_who_practiced_agroforestry_percent,unnamed:_12,unnamed:_13
,,SSF,LSF,,SSF,LSF,,SSF,LSF,,SSF,LSF
Nyarugenge,80.45,80.45,,0.0,0,,8.21,8.21,,57.07,57.07,
Gasabo,89.8,89.62,93.33,0.66,0,13.33,18.24,16.44,53.33,54.27,53.89,62.5
Kicukiro,73.91,73.33,100,0.0,0,0,6.94,5.71,50,46.94,46.63,66.67
Nyanza,97.12,97.07,100,0.0,0,0,22.13,21.06,88.89,57.37,57.56,44.44
Gisagara,94.8,95.18,86.96,0.0,0,0,24.56,22.31,68,53.17,54.69,16.67
Nyaruguru,99.71,99.69,100,0.0,0,0,23.93,21.02,77.78,44.79,44.94,41.18
Huye,93.47,93.01,100,0.23,0.24,0,25.67,22.43,72.41,46.45,46.83,40.62
Nyamagabe,97.28,97.24,100,0.0,0,0,8.99,8.49,33.33,43.33,43.17,57.14
Ruhango,95.31,95.16,100,0.38,0.39,0,14.58,12.77,66.67,48.77,49.84,11.11
Muhanga,96.77,96.74,100,0.23,0.23,0,14.32,13.99,50,59.36,59.61,25
Kamonyi,95.49,95.41,100,0.94,0.96,0,19.96,19.17,66.67,52.06,52.71,10
Karongi,96.38,96.36,100,0.0,0,0,14.22,13.84,100,50.18,50.18,50
Rutsiro,98.44,98.42,100,0.26,0.26,0,5.78,5.84,0,51.91,52.13,25
Rubavu,94.21,94.18,100,0.0,0,0,2.1,2.11,0,54.14,53.92,100
Nyabihu,98.49,98.49,100,0.0,0,0,4.52,4.53,0,70.38,70.32,100
Ngororero,98.77,98.76,100,0.0,0,0,4.46,4.47,0,60.22,60.16,100
Rusizi,92.23,92.09,100,0.2,0.2,0,16.27,14.78,90,63.29,63.74,33.33
Nyamasheke,98.71,98.68,100,0.0,0,0,13.71,12.99,41.67,62.79,63.12,50
Rulindo,96.55,96.5,100,0.31,0,20,19.08,18.44,60,54.68,54.85,40
Gakenke,99.17,99.16,100,0.42,0.42,0,5.37,4.81,50,51.63,51.65,50
Musanze,94.76,94.72,100,0.24,0,33.33,3.53,3.56,0,50.38,50.29,66.67
Burera,99.16,99.16,100,0.42,0.42,0,5.01,4.61,100,56.18,56.2,50
Gicumbi,98.87,98.86,100,0.19,0,16.67,8.91,9.01,0,54.43,54.32,66.67
Rwamagana,90.62,90.02,97.5,0.8,0.22,7.5,14.42,9.87,59.57,71.23,71.74,64.1
Nyagatare,80.89,79.03,95.83,28.2,23.05,69.44,11.37,8.04,35.44,67.99,68.66,61.84
Gatsibo,96.37,96.08,100,3.35,0.45,40.38,11.76,8.71,47.37,67.43,67.8,62.26
Kayonza,88.97,88.66,92.68,3.04,0.21,36.59,17.45,11.5,80.43,58.6,59.49,46.51
Kirehe,82.9,82.56,100,0.69,0.28,21.43,13.76,12.36,80,68.74,69.44,28.57
Ngoma,80.0,78.75,100,0.16,0,2.63,5.92,3.88,37.5,61.29,61.72,54.55
Bugesera,81.28,80.52,96.88,0.73,0.3,9.38,18.58,15.75,71.43,69.93,70.62,56.1
National,92.73,92.56,97.47,1.83,1.15,21.31,13.08,11.47,56.23,57.99,58.23,49.9
"Source: NISR, SAS 2025",,,,,,,,,,,,
