table_11:,season_b_2026_average_yield_by_crop_type_and_district_kg_ha,unnamed:_3,unnamed:_4,unnamed:_5,unnamed:_6,unnamed:_7,unnamed:_8,unnamed:_9,unnamed:_10,unnamed:_11,unnamed:_12,unnamed:_13,unnamed:_14,unnamed:_15,unnamed:_16,unnamed:_17,unnamed:_18,unnamed:_19,unnamed:_20,unnamed:_21,unnamed:_22,unnamed:_23,unnamed:_24,unnamed:_25,unnamed:_26,unnamed:_27,unnamed:_28
District,Cereals,Maize,Sorghum,Paddy rice,Wheat,Other cereals,Tubers and Roots,Cassava,Sweet potato,Irish potato,Yams & Taro,Banana,Cooking banana,Dessert banana,Banana for beer,Legumes and Pulses,Bean,Bush bean,Climbing bean,Pea,Groundnuts,Soybean,Vegetables and Fruits,vegetables,Fruits,Fodder crops,Other crops
Nyarugenge,,1193.5486816260889,797.4588607702027,0,0,0,,11617.16,6960.2654516018965,2870.5785050136533,8350.3271484375,11794.981935940681,16531.5444128229,8790.430970104608,11049.138443147107,,605.1451128836393,605.1451128836393,0,0,550.2250529420896,343.0567215327512,,7996.38311799238,0,0,2811.3840000000005
Gasabo,,1319.3652446808653,1041.5188366675122,4136.719602257371,0,523.6547123999284,,11834.525254420976,6828.6392871201515,3570.2413761776747,3606.918399916982,12465.286610306895,17353.238359722178,11949.30368198928,8328.06664868684,,649.1720909259166,647.2398493861231,670.8081758624614,630.8276482034746,438.5379513297681,347.9652790702821,,9557.456192696176,846.8818177772453,6405.659697750034,2987.235754374784
Kicukiro,,746.9253218678505,1230.2657735912085,5582.422671681304,0,0,,13329.175085325858,6756.501440389897,0,5562.133524142089,12564.007080381249,16575.593069537947,11606.416343542263,10274.192484325184,,622.904591931326,622.904591931326,0,0,0,490.3608406040627,,8195.764989179293,12311.586975417196,4934.339677771752,2887.026611328125
Nyanza,,1317.0366359240875,1094.9836253900746,4648.3665771913875,0,683.6433850482193,,14779.382445758842,8853.581703006968,4208.871355762435,6451.568803878552,9803.5252825141,11263.600733588522,9904.062469254755,8839.014148703107,,626.3959462392392,590.6487187708557,793.0297297241722,882.5297763820394,480.7635395104137,366.5788270116361,,7048.410620635831,3556.064896460937,8509.621717696702,2076.6726147683025
Gisagara,,1033.872137701222,1020.4113560236452,4374.67073394796,0,706.4478750170873,,13873.878261746258,7536.852052362385,3889.863283937504,9582.664627860728,11514.046765457564,15087.726102342484,9709.443185843791,10656.438492146075,,656.6053578915196,619.7322262608968,880.788909934268,750.9397717101102,354.9439414541252,385.1325452264354,,7292.88694877029,14704.782006734016,0,1316.8245475627969
Nyaruguru,,1138.172304595153,827.4309002971721,3522.892620866672,679.8000656318059,203.4639434814453,,12699.433538906065,9400.711147610873,8176.024564934282,8472.282608398824,10329.963860851953,13703.466586429968,8968.258707282803,8945.848028709604,,798.0438519192027,546.9747424287166,827.8087313580287,731.0480734237619,0,387.348085076526,,8526.45849130743,3513.208169449534,12299.2032870093,1488.814985410508
Huye,,1197.7084607421093,1060.0454609485182,3659.0623252099167,0,527.287196795028,,17514.87110190017,7931.818564977611,3982.889176165082,9072.028896300784,9540.302962377702,11051.691983106342,10389.882792497114,7762.6924700186155,,647.0815619106367,565.9663564257175,786.0856959508263,548.8203792851716,457.65868190623,403.1863894324518,,7752.356327209025,6245.280913694815,6730.224649671997,1264.2794439623353
Nyamagabe,,1259.5654735877706,985.1272996205576,3378.780978193596,1261.194852900874,0,,13474.478332186656,8185.252716301813,7939.400027729773,7142.533787057842,6952.824126528924,9475.596052022558,11225.94049866709,6078.252269260903,,685.6360560103551,496.1336290142813,707.1610310048816,562.2833888248825,0,455.21357195769593,,8818.639317353094,5511.411621093751,5248.7365570657985,1564.7852882708569
Ruhango,,703.7964265756746,1093.4450969358252,4901.307622952731,0,602.6954893864076,,17974.46237954534,6308.025208433257,2991.315166675886,7639.164173546451,9648.906042280558,13758.446075641223,11068.327668349308,8677.859627900078,,635.9408739197535,634.5124908989188,639.5253490172022,524.3708763583321,419.53752533511044,395.8168066933303,,7742.891534563089,4558.487283218729,9394.577606507577,2890.642158579662
Muhanga,,1035.091194536157,1496.300859702301,3284.991286363133,1211.367654835255,638.73095703125,,15818.254652921694,8062.590526819889,4292.406450738969,7012.451426380952,10190.194076661008,14755.965641988967,10050.582501644756,9414.627679094847,,578.8214415738535,525.9864558543027,610.1699120823372,574.1822700685756,306.60516357421875,440.1780994079884,,7602.439805423974,7845.001806101644,15458.709834027846,1683.5798982787244
Kamonyi,,1155.7308305529853,996.5624941692964,4068.184718806234,0,321.17846032779414,,13458.289999999999,6991.772967711959,5647.189409530602,8461.410561801005,10403.945217416163,15007.20239408909,9914.171441433176,9736.471310307637,,595.4432772009795,575.9923544577899,686.6497893862658,432.46774609850087,530.8685925505252,344.29136826092326,,5860.884302358058,10626.261205259552,16179.260685906616,5508.317365041779
Karongi,,1162.5577834469755,1080.2828818119062,0,552.6922607421875,0,,13828.660716343951,8320.582971371143,3589.822586405303,8936.533642917351,11830.85907931363,15586.439875687833,12463.789137371195,11023.13735550559,,1016.6416731112029,620.4976740954171,1129.0700130830826,500.5825923623477,617.145218178544,422.35668498976685,,9329.16236758963,5425.979217656591,14858.510598646459,1111.7513582224915
Rutsiro,,1063.9394699854683,880.9533863844024,0,0,0,,14060.32,7927.266592640297,5028.098059048217,8729.233953264626,11952.851821166063,16687.64852879221,13156.298879460588,9887.916844067437,,806.3063028057541,554.5617166365598,842.7413012557687,478.9345022228763,0,417.5482587645766,,8206.540725706875,3714.4696773417077,8044.737547076316,9034.634513288987
Rubavu,,1446.1717400486984,905.2908470424996,0,0,0,,11716.35,8600.902762062462,8557.996419796644,5863.990598811163,12971.957494099745,16184.064230008818,12208.287463063192,11173.277643646416,,874.297914643013,541.4347405335269,927.8024585326947,456.5512090310339,0,475.99135639082397,,13219.340680524023,0,12685.075892071663,4575.48438549627
Nyabihu,,1403.46731954962,0,0,1133.515327967374,0,,9440.536999999998,7240.573592468446,8290.440591994044,6472.193498590593,9321.408844288835,15027.376458187795,9123.323898005354,6219.287698550168,,1047.2409837444277,652.936592247198,1057.5058070635182,783.7699706970914,0,545.3628670423036,,15054.870686930879,4590.096351403498,10087.361466923947,430.070168379398
Ngororero,,1183.5381362764392,0,2355.552978515625,1049.3067475600478,0,,9552.255,6922.776329075665,5388.620732390105,8462.208765591995,11676.504372082367,15350.580837696314,11176.369332172795,11283.922502440806,,824.3615651408854,473.89627707097077,857.4516451681632,473.71083416068933,0,368.41858968732475,,9668.818103265226,3451.30326727848,13581.577485857622,9641.293016816813
Rusizi,,1010.4276636655788,795.6837411057157,4714.532207689596,0,0,,10265.650000000001,8070.5714074252355,6866.784061165401,9817.544395696652,12380.992616577676,16196.221410186574,11157.206689376097,9757.615003615208,,784.1032438459348,762.5653396876231,841.3541007175194,600.423025332565,592.6096881418115,416.6604338994723,,8702.296590303074,4815.609523382464,16646.431278118645,2546.6962280028124
Nyamasheke,,990.5215176320661,1329.251953125,4443.39043292702,0,0,,11882.31,7889.0301485484415,4583.105511735122,6707.009486795585,10868.941704080851,12686.99912292268,10702.937566335551,10055.24445882127,,759.54853047384,633.3289660932518,782.9662089508021,452.4771894327424,432.9113495358094,385.36958471330126,,8973.529112905597,4392.477993967745,1887.7670813496875,3961.8109778425405
Rulindo,,1086.5202286323265,1113.9912722295826,3691.3607711179475,1449.4482184175213,0,,14114.090010731654,9745.283709992545,4243.808746046965,5467.37678826593,12613.972564511898,17560.056842458358,12674.46142200936,10311.324020546574,,811.4202194017814,635.8961256845735,914.3402769670734,475.00667706776153,534.1781005859375,486.3417596574337,,9535.814556408164,5135.4903591582115,9129.067611498813,1514.9267396358885
Gakenke,,1078.8101076953237,1208.049291750767,5101.227470785607,1378.8923868122204,0,,14119.567008016113,10178.891380426268,5485.245734854597,8109.785833922222,11639.14960093637,17131.47865363019,15405.958448555153,9214.117673784087,,918.7159794208098,671.3199742664355,941.1782851478154,591.5383772926886,0,435.2221406451595,,9833.406582706673,6045.012827456939,5222.075593580606,11637.239595089239
Musanze,,1584.2871330601329,1433.9165351276392,0,1412.6622533800166,0,,11550.56,9608.074128283082,9459.181209962144,9802.573574711174,9692.129331762655,11837.927097193195,7288.367466444227,9023.094021639856,,1078.5336535939862,719.6303725125708,1096.8197848076884,653.0124300365803,0,459.1949199325147,,10000.102639299832,5055.751892166173,3391.774420403947,14414.4509875835
Burera,,1365.9032113828227,1281.1544082188666,0,1329.9685089562597,517.0726318359374,,11640.429999999998,9070.425581378651,7238.017995950011,5841.626990818517,13287.09543930766,17696.253014456295,13643.314582404168,8636.211660418036,,1214.9553539068422,650.9103219226548,1248.5038522087323,546.8799376494984,0,356.3055419921875,,9481.525205950356,9818.815135764327,14485.979420128131,11855.450096182127
Gicumbi,,1069.8678896015795,1344.5051324811498,0,1189.5937532017078,0,,14777.210000000001,8695.469251748562,6325.525603259426,6351.274875108632,12467.613111248807,16543.995144306595,9695.258274657197,10585.596243873755,,856.2306240021899,609.4975766332498,939.1849875881153,613.8494206775782,253.85273506380614,522.8725091983632,,7944.95371450466,3944.415440749959,14510.800707469105,5375.06373584923
Rwamagana,,894.1087616900551,1060.4399195050203,4612.072899492303,0,775.8225152681373,,17773.887523532117,7665.320550908452,3874.1513678033643,5322.270439693895,14543.459979152345,18499.706744423063,9928.37382258053,8525.192725982588,,542.0842745203985,542.2424701554107,534.7093537908696,498.5261836188793,394.9766588695148,630.3659119119504,,8574.574287028783,3926.860560835957,21924.56886039265,7421.619471980478
Nyagatare,,1555.4309590114367,1290.5097189951932,4357.683675703419,329.7093,682.1130419321124,,18848.91009592554,5994.17405156405,4367.031334765402,7308.2018641150125,14079.511922652622,18353.392161091346,9219.38408863506,10274.15356759478,,778.5351769952375,777.6398429107418,794.7240481957831,0,505.5101562175568,463.97768375404945,,10442.941132742713,7892.705266358944,2724.873457529804,2319.7530404853674
Gatsibo,,1266.897890180185,1390.3971519660747,5312.290466057718,568.2743000000002,712.3159388362654,,17970.22780295679,9455.5583154541,4593.059943086822,6698.864728254537,14377.405276040932,17284.918069864696,11804.803681182599,10812.7107116898,,680.6032057236537,645.4286281045643,891.7070844424936,600.3094205221295,341.25083377368486,543.7544757837425,,8418.969163841048,4377.391439456509,15139.55258982163,1595.2771135185612
Kayonza,,1185.6309893894659,1363.6570680428067,4321.125616959911,0,790.2543124700294,,16060.048368940108,7202.411051516751,4211.575196853402,5326.307902837842,15818.377899822102,18570.95303518298,12349.128576385883,8719.830124883647,,503.09263771697266,496.1262346296862,988.5660286603079,577.2466173097587,337.02627593105194,532.0458390662254,,7493.434370640785,4990.849482682546,1542.725897358384,3054.120902905197
Kirehe,,2091.6547631524004,1141.4461054546705,5086.755298400151,0,587.7209317827009,,14711.233953160387,7244.758308506391,4477.011044349535,4220.915949815503,14973.495973493513,19022.507322877158,10575.185648347671,9500.334113899467,,691.524439794021,664.9266227317327,741.6974426220264,641.8887994206656,389.7174284739205,662.0879934175354,,5569.130356430066,3922.815836579092,2824.6442871093745,1336.4417675625316
Ngoma,,856.2441394867133,1207.1062428509176,4033.160476135171,0,491.8106378050049,,15701.186698532028,7804.843792649747,4857.717194654757,3764.4048559712846,14214.2377370469,17165.181118515444,8363.251354041446,11146.20915885018,,701.3413695127919,675.1129396667161,891.6700182911997,403.2189025878906,428.9059564669698,393.84778507724974,,6933.221577567795,6565.408442529845,18975.237363317094,2691.93333380374
Bugesera,,952.1515680682844,1036.4486252910467,5219.6879923503,0,662.1893971063047,,13404.25806257037,5781.630985593078,2843.349192467954,4606.08740234375,11994.369216498955,15588.354440619145,11287.72121707176,9983.429944403602,,635.8632264928809,635.7574173783327,650.083509259249,0,479.1229464117322,317.70748638801336,,9219.504316231465,1622.0671144886235,13395.738576666137,1061.066309060278
National,,1292.1133073541143,1186.002925240139,4581.409614242029,1164.4491629255015,614.8469056094369,,13990.10528573455,8173.654030664945,6855.311886269343,7388.939952985997,12369.068246143841,16874.3532270889,11014.271337163893,9780.01285211325,,730.4441269443477,634.2908433004922,894.3848019218001,574.7671225554656,431.6014789249245,416.99949604487813,,9437.389647571124,5521.825312666448,11835.232423185364,3887.96626228797
SSF,,1236.4109293174658,1185.3924286627177,2397.697711363638,1163.3298865782945,613.5825563516064,,13990.10528573455,8173.654030664945,6766.422058579053,7388.939952985997,12367.24484907567,16872.196413398873,11014.271337163893,9780.01285211325,,729.0631269354916,632.6187060208498,893.0512065000794,574.3634249815624,431.6014789249245,397.86961022064133,,9450.166737109592,5783.704807704514,11664.16597427131,3915.73758613698
LSF,,4080.5443850816687,1479.4596113171754,4612.756772147612,1366.5883909248246,933.4195247591907,,0,0,13667.412100004736,0,19903.606846441122,19903.606846441122,0,0,,1158.2339734600162,1028.3234380304073,1782.474983327379,736.5787188575623,0,1133.3055215832394,,8069.6100050662435,2713.255732506528,19791.337892525426,2584.0047419231496
"Source: NISR, SAS 2026",,,,,,,,,,,,,,,,,,,,,,,,,,,
