district,cropping_system,unnamed:_3
,Pure Cropping, Mixed Cropping
Nyarugenge,36.05174959043201,63.94825040956798
Gasabo,28.42072834131266,71.57927700258591
Kicukiro,35.605821331350775,64.39415653531937
Nyanza,24.57960562869227,75.42039437130774
Gisagara,26.33221041106656,73.66778958893346
Nyaruguru,52.38501463409675,47.61498536590325
Huye,24.470332463345958,75.52968567398628
Nyamagabe,50.86518910572334,49.134786508327075
Ruhango,33.89766575673493,66.10233424326508
Muhanga,34.98236307043241,65.01766393244527
Kamonyi,33.79376251019349,66.20623748980651
Karongi,42.10465742216661,57.8953425778334
Rutsiro,54.81525062647299,45.18478326441058
Rubavu,56.547369439327525,43.45262599764821
Nyabihu,57.26152126523577,42.738478734764236
Ngororero,40.974531529616655,59.025468470383345
Rusizi,37.70395037842904,62.29604962157095
Nyamasheke,31.525190169689875,68.47480983031012
Rulindo,55.5186299544339,44.481370045566095
Gakenke,44.6383416907755,55.361658309224495
Musanze,68.15365646726616,31.846343532733822
Burera,62.687443306984584,37.312556693015416
Gicumbi,53.28909066534911,46.7109093346509
Rwamagana,32.30091411292242,67.69908588707759
Nyagatare,29.97198499242973,70.02801500757026
Gatsibo,40.44539152582484,59.55460847417516
Kayonza,34.94945893045786,65.05054106954213
Kirehe,44.39631430137086,55.60368569862915
Ngoma,33.17941852045175,66.82058147954825
Bugesera,26.70373905716039,73.29624504967725
National,39.47825317509004,60.52172980828217
SSF,38.19194238315515,61.80804891023749
LSF,94.6711112987324,5.32889243708969
"Source: NISR, SAS 2026",,
