district,cereals,maize,sorghum,paddy_rice,wheat,other_cereals,tubers_and_roots,cassava,sweet_potato,irish_potato,yams_&_taro,bananas,cooking_banana,dessert_banana,banana_for_beer,legumes_and_pulses,bean,bush_bean,climbing_bean,pea,groundnuts,soybean,vegetables_and_fruits,vegetables,fruits,fodder_crops,other_crops
Nyarugenge,900.1073189224303,685.6021724103074,214.50514651212296,0.0,0.0,0.0,4011.6227522862387,2672.8986958616892,1121.5798057073514,64.34960225575216,152.7946484614463,8859.133647388771,2930.758637713174,1602.4013842924955,4325.9736253831015,1385.3355157288063,1311.002106324051,1311.002106324051,0.0,0.0,21.407821388486116,52.92558801626912,825.5324157363451,825.5324157363451,0.0,0.0,8.102245809385156
Gasabo,6297.702622218155,1681.8320981525055,3321.607609511743,1291.074,0.0,3.188914553905953,18107.064470790472,7068.905865624973,9140.742960490748,1381.3705219093536,516.0451227653984,19774.604215854055,9531.140903228836,5300.005728453129,4943.457584172092,2665.41655031655,2485.3120671135866,2274.7635902013303,210.54847691225655,12.92874354962439,50.97583939828955,116.19990025504909,7051.798609535562,7043.911609535562,7.887,1953.4408970186973,708.7710134282047
Kicukiro,1538.3917057687097,371.9125668134528,596.4791389552569,570.0,0.0,0.0,3394.2795020477615,1274.9212604453453,822.5708011591915,0.0,1296.7874404432248,5350.530491182342,2231.67800924124,1104.2251254571622,2014.6273564839407,875.1646856002907,838.2522225322078,838.2522225322078,0.0,0.0,0.0,36.912463068082836,1303.902737949406,1186.9963702609496,116.90636768845656,253.15258253879676,50.42742074769591
Nyanza,13067.977566359465,3901.220013664805,5806.974631910316,3197.9670593704654,0.0,161.81586141387902,61212.28415634181,36623.29410073913,18342.065442013554,1066.8836335802544,5180.040980008872,23336.4191171912,7957.729870248823,5421.073526743193,9957.615720199183,10323.169402142194,8854.190612043594,6874.205155275053,1979.985456768541,185.6742153021642,469.11064289870654,814.1939318977292,3800.533099954455,3429.602052469137,370.9310474853176,1366.2506061516265,2054.8296093963672
Gisagara,18850.125229443514,2516.9728434495973,2973.683709097459,13024.500440803437,0.0,334.96823609302095,89396.57116630264,64531.19968231303,20059.28086534245,556.4499900424596,4249.6406286046995,29479.832027800127,9679.919357653778,6636.095047139361,13163.817623006986,10944.770553788887,9406.440655753577,7624.1934498161645,1782.2472059374138,22.794321735379942,303.89892805233285,1211.6366482475955,3673.1139389330565,3334.168722652071,338.945216280985,0.0,1040.0074499946265
Nyaruguru,3038.001634535226,299.56843019344024,2301.04844128338,174.55,261.5163280355261,1.3184350228796446,85018.57579853528,23728.65639143806,40123.41973293843,17027.574265468164,4138.925408690631,11106.141028572836,4268.678905870821,2441.443248500828,4396.018874201187,7205.994500337965,6567.357667838839,477.07388576966645,6090.283782069173,191.82488094915277,0.0,446.8119515499736,6190.451207078814,5892.638030528376,297.813176550439,6099.022984194146,1066.2285604565989
Huye,9637.179643276384,1170.7230030599653,4578.217526478758,3727.9716810093714,0.0,160.26743272828708,55333.54901952733,28392.553339432823,22938.533156102716,696.1318546768387,3306.3306693149566,17916.09345456907,7472.121105290496,4407.678426611338,6036.293922667237,7478.18534848871,6333.501154701032,3498.202614338197,2835.298540362834,163.07240492657283,61.139242227595986,920.4725466335099,5914.793070111692,5723.777729991312,191.01534012037934,305.5883463013181,725.7739826815989
Nyamagabe,8316.956142307181,1375.7437538671632,4111.306594877897,95.15,2734.7557935621207,0.0,87152.83720320337,18425.665337341772,46700.00508298503,14383.676786148588,7643.489996727978,15084.765107569772,2480.4620132644527,2198.4929729350015,10405.810121370318,6406.156426033563,5516.9190849916995,407.1978113830676,5109.721273608632,490.32063170953023,0.0,398.9167093323327,3776.6993447224077,3407.0025234315617,369.69682129084583,322.22137815396087,3322.376975861321
Ruhango,8042.937994431976,734.3230115494019,2350.392704429741,4911.1,0.0,47.122278452833186,129843.84791222206,104486.6120904805,20346.46265989813,218.1621212604359,4792.611040583002,24989.84616884982,4470.692715852888,4000.6406616624686,16518.512791334466,9424.065581206385,7165.700306644305,5112.369462317817,2053.330844326488,56.36698528415936,782.4706891753322,1419.5276001025884,3240.1459825726856,3144.6480297882867,95.49795278439882,5733.632649791666,4693.641598543738
Muhanga,1483.4111228621452,933.5105338649,114.04336177131269,269.132,151.83112870172334,14.894098524208994,96624.89940932843,43521.91098812995,35340.93077428703,869.4595158367948,16892.598131074654,79438.8272595678,15471.041847592382,7045.9728158130765,56921.812596162345,5117.051463030743,3993.7663383729323,1351.4569225826997,2642.3094157902324,92.71376422527334,20.98118886114279,1009.5901715713954,5382.850266084488,3061.814058479141,2321.036207605347,9184.36479111199,1392.4659933280655
Kamonyi,6659.792979238437,2269.169253794062,3303.90820343429,1082.3764533961112,0.0,4.339068613973599,65488.99054655077,37274.78027571874,18865.122637103268,2072.603294940816,7276.484338787947,54228.18679162163,9524.082318040197,7479.952082123366,37224.15239145807,8383.709525880367,6507.25231416822,5188.229973397039,1319.0223407711815,46.438172837203844,461.5991077385843,1368.41993113636,6198.484722254316,5304.675250026041,893.8094722282752,1298.9444709726008,10064.43169968549
Karongi,3005.2703717153854,820.3729668385379,2151.712056986677,0.0,33.18534789017026,0.0,78058.31944176434,36770.96079851819,31596.849936373514,703.3295565869856,8987.179150285649,55007.22228406549,10815.208553549472,5096.310724710036,39095.703005805975,9538.21144688779,8593.054159896135,1159.4255375761318,7433.628622320003,166.8137057979159,81.52167420850155,696.8219069852374,9728.885267508213,8781.367737869372,947.5175296388404,7176.698162708843,771.0341119377216
Rutsiro,1826.5443475415898,1684.1949021975965,142.34944534399324,0.0,0.0,0.0,58435.9189797569,14342.01008275756,21529.46342022506,18489.46378537494,4074.9816913993413,34742.77656292,9612.419976638836,8393.868498128932,16736.48808815223,5355.675506288204,4616.328888228245,401.42287538649134,4214.906012841753,242.83566498817422,0.0,496.510953071785,2502.5330895279267,2145.2403912193927,357.29269830853417,3415.9625602509873,15319.548263599469
Rubavu,2290.0903252861335,2157.7647398177305,132.3255854684031,0.0,0.0,0.0,75679.56640180643,3519.4636602419955,14838.161135391281,56444.28082603507,877.6607801380806,14421.4445779239,5979.069399073941,1751.259606263401,6691.115572586557,4896.940517320803,4390.33616054243,376.50806533354904,4013.8280952088808,271.95422048719774,0.0,234.65013629117487,33412.59012551067,33412.59012551067,0.0,3944.743259159549,653.4704624549
Nyabihu,7449.401676546001,5921.143009673355,0.0,0.0,1528.2586668726462,0.0,84385.81963300706,987.5937041089602,15405.668997336383,67715.82564535193,276.7312862097831,3515.5787241172147,1416.1698904065186,1067.8294245653087,1031.579409145387,3361.2995430123774,2870.4125176060334,45.40747364569745,2825.005043960336,465.6808248229174,0.0,25.20620058342682,16479.7485639854,14608.106602328151,1871.6419616572457,1218.9775285490323,104.814393983493
Ngororero,6104.967446799108,4739.703338964893,0.0,1.6072318748270524,1363.6568759593877,0.0,67236.79076504002,7803.9787559272645,35336.81593148066,7367.171799361045,16728.824278271044,51108.76633607754,6714.345511310055,6276.677758235552,38117.74306653193,5973.691852511808,5192.397749051976,257.51543613840494,4934.882312913571,190.5027011714202,0.0,590.791402288412,4861.6375338105345,4053.9190145286993,807.7185192818351,4166.386854041,5832.72727352015
Rusizi,8475.92879933809,1154.2054576392088,51.12134169888096,7270.602,0.0,0.0,131674.05587866792,110191.56962737427,15950.331675337218,448.6569508062053,5083.497625150226,22595.815121204832,11414.681623964605,1992.9883865626107,9188.145110677615,8929.489694209105,8283.898851358606,5854.048531950525,2429.8503194080813,22.634094656521544,191.9841983021972,430.9725498917787,5931.902903438525,5088.4142597904265,843.488643648098,1568.8440292847984,7798.310588504117
Nyamasheke,2129.0296638073705,480.30735072510055,15.272313082270024,1633.45,0.0,0.0,93028.39246090468,55168.8844439177,30452.313105501373,55.831602156607936,7351.363309328996,22493.59189331947,7251.736822715202,2969.336190874761,12272.518879729509,6796.159805678393,5799.973425996627,756.8398113120095,5043.133614684618,35.731733051213205,372.84397773232666,587.610668898226,8830.184173683201,7294.597476978072,1535.5866967051284,227.7287013383151,12987.013030633007
Rulindo,5158.6223485123965,1296.3555343071732,3701.431331272145,67.0,93.83548293307815,0.0,48479.079061451426,14238.604555503225,27962.623537150208,5524.071929958493,753.7790388395034,36492.043510513584,12498.512326804228,8056.827662315931,15936.703521393429,6573.790471468995,6330.637422028276,1833.7904835125132,4496.846938515762,162.95303277971144,6.2358064128645,73.96421024814258,10422.08691392802,9902.986903135095,519.1000107929242,1026.3002757369757,1398.3959271651734
Gakenke,2310.0938179582818,1623.6804135485702,325.63664210409803,96.33,264.4467623056137,0.0,94380.12641261205,22433.291707343593,55316.89860096185,5355.871626828807,11274.064477477787,75506.23251766636,19877.749395902458,16285.312617114358,39343.17050464953,10890.399200784279,10407.57893264862,633.018713106067,9774.560219542553,188.7931181666868,0.0,294.02714996897316,6461.80626866817,4224.823250792899,2236.983017875271,733.399741671474,17736.407764740863
Musanze,7895.602162662284,3308.3527512958954,2927.8753922362757,0.0,1659.374019130113,0.0,62539.08627227528,431.5081521389716,18396.776050249417,41940.71652499871,1770.0855448881862,8307.480215858512,4190.152042678242,1776.7236657358342,2340.6045074444364,7917.34188545668,7754.246675250639,250.8289929191419,7503.4176823314965,150.252428067006,0.0,12.84278213903549,13183.986046253272,12573.695055070546,610.2909911827253,222.36040561318507,9344.03150097407
Burera,10685.565034844774,3372.410931194555,6540.491755064647,0.0,733.1386620128551,39.52368657271634,64734.592673970175,503.39759985247764,27700.95450453641,36301.35700272313,228.88356685816274,11009.72721999939,7071.063137038663,636.3148278787875,3302.3492550819396,12689.633801893502,12085.605380599967,363.4933306758146,11722.112049924153,588.5811516127411,0.0,15.447269680792717,6022.814831928615,5171.444975058541,851.3698568700737,9297.85100933875,2447.6101803176825
Gicumbi,16674.846687448204,2493.805347663133,12591.108262312,0.0,1589.9330774730697,0.0,65504.88963243948,12326.168838610141,35840.09806299523,16333.904888790945,1004.7178420431636,31225.360046617756,14774.564859110482,6616.246684104409,9834.548503402864,12417.594888731513,11799.956285028473,2113.4817236675003,9686.474561360972,445.80116196440156,46.807489424781416,125.02995231385694,5097.934909773551,4564.014398330936,533.920511442615,8919.240887037016,4610.144892993336
Rwamagana,12292.419697013513,3534.6426150213033,6317.392316007958,2418.3008383000274,0.0,22.083927684224133,50058.08377038639,34142.583042693375,11603.37308250846,2761.670822644832,1550.4568225397209,71296.17224130228,52563.30431926388,8226.268257210948,10506.599664827458,7812.330353502777,6710.157722952778,6571.161332942568,138.99639001020986,51.11755809113616,657.858602032819,393.1964704260439,8229.61582021611,7897.2475678226065,332.36825239350367,18313.102703196804,5333.253785684835
Nyagatare,56431.21086034697,41183.96615051877,5817.218916400441,9402.40826189527,26.71753153248,0.9,31066.131272901235,19454.701634209865,8140.26476381351,3027.008070649884,444.1568042279765,70793.66397072551,44564.51347536695,4227.267886584049,22001.882608774496,24381.384635834358,22840.637844774432,21618.73499121228,1221.9028535621514,0.0,468.1558102996873,1072.5909807602413,9373.490596829186,9237.341596829185,136.149,1463.0082484692043,557.4323566287642
Gatsibo,32264.53595766276,11791.464173801736,10997.580422115065,9110.716317156646,199.68619041415002,165.08885417516325,52156.52421189617,14828.77051470872,24551.629480232255,10726.299244399148,2049.8249725560427,104771.2386300759,66857.11389361374,11215.319772815523,26698.804963646624,14621.258973268807,12835.791888459462,10433.900516550008,2401.8913719094535,48.71762725982872,674.5712341642104,1062.1782233853064,7502.241842244624,7081.7744316188255,420.4674106257988,8288.799546175558,3559.912251290343
Kayonza,32201.48621279215,8190.883459833663,17923.77883001983,5356.559,0.0,730.2649229386614,69260.46695970994,48828.9668721705,9380.315023677113,9660.755100582164,1390.4299632801738,67878.53099842502,54714.3318010918,4889.624932471598,8274.574264861627,11037.184327010531,10528.24965568457,10235.58562207766,292.66403360691123,52.047458994680376,157.30330250610209,299.5839098251776,8772.361683523428,5421.071320693998,3351.29036282943,959.9038994285639,1754.3340922094985
Kirehe,21877.638687875995,4638.5407101991,12006.605701327338,4880.4887605625945,0.0,352.0035157869612,46377.95454594026,28340.114120057668,7671.156994314449,6425.049723085867,3941.6337084822744,100139.79606612724,72266.1805091967,4219.40912432681,23654.206432603733,17599.41176741555,16146.968213982334,10146.846582457589,6000.121631524746,219.68660874483314,515.9005707868381,716.856373901544,2985.4378366678657,2463.760984887007,521.6768517808589,56.895600636757486,3894.4172144879267
Ngoma,13377.635376936794,1668.695983841818,7140.8718083203385,3785.6,0.0,782.4675847746369,40807.54204266459,28926.218863764716,7904.160845798446,3308.8082756851973,668.3540574162325,102665.37744920509,68781.64516297984,5886.5048361911795,27997.22745003407,14641.249916554108,13531.076143211154,11447.51162367288,2083.564519538273,21.016230597542737,567.7735333083755,521.3840094370373,11340.863622354875,2274.9321424970894,9065.931479857785,2606.9231275946063,3035.95914002968
Bugesera,18256.564533322788,6369.258570607954,3864.892110611449,7958.138577925899,0.0,64.2752741774874,36468.16023240258,25722.417575731244,8288.848483417747,1036.3271520310398,1420.5670212225534,57666.9702316585,23796.48568943926,9623.926441117812,24246.55810110143,16447.06223823941,14077.68591317364,13971.38620817464,106.29970499900074,0.0,1830.8285195556002,538.547805510171,6985.922685819682,6849.982927024877,135.9397587948043,8113.069181458007,351.07166405749877
S/Total,338540.0379677742,122370.3260885097,122319.83129863408,80325.02262229467,10640.335866822934,2884.5220915128393,1945916.022586733,846962.6025771564,641667.4175493284,331963.0621141704,125322.94034607771,1231202.167907971,571177.5540741419,156845.99831693925,503178.6155168898,272089.13037862343,243774.68836095842,133427.85504624876,110346.83331470966,4587.253441772989,7743.368178474774,15983.82039741725,225484.3501106051,195402.07795488517,30082.27215571992,108236.81442792424,122616.9454451456
2025B,330446.29119206086,117710.62025771625,125655.5902792073,72976.07382234184,11667.10314831459,2436.903684480884,1937089.5874868336,852541.2360327417,652515.1298667592,314092.53794686176,117940.68364047109,1166246.6799280932,527108.8854627548,154315.48866381534,484822.3058015232,269441.3472083177,240720.6245832633,132612.2932796641,108108.33130359923,4585.801190894167,7746.527246042963,16388.39418811726,211069.30694758933,181271.58421383865,29797.7227337507,111565.80997310732,120602.50601830141
Change,0.024493380593002767,0.03958611228614273,-0.02654684103716476,0.10070353768063245,-0.0880053316096705,0.18368325752164827,0.004556544600165191,-0.0065435350453488805,-0.016624460983220124,0.056895729787544314,0.06259296179858165,0.05569618254680275,0.08360448823149458,0.016398286879917512,0.03786193311592667,0.009826937096846455,0.012687171209290193,0.006149971065387838,0.020706100853819187,0.0003166842212229959,-0.0004078043577272483,-0.02468660358397745,0.06829530722150512,0.07795206183213677,0.009549368067879982,-0.0298388506836057,0.016703130750355122
"Source: NISR, SAS 2026",,,,,,,,,,,,,,,,,,,,,,,,,,,
