table_9:_2026_season_b_cultivated_area_by_crop_type_and_district_ha,unnamed:_2,unnamed:_3,unnamed:_4,unnamed:_5,unnamed:_6,unnamed:_7,unnamed:_8,unnamed:_9,unnamed:_10,unnamed:_11,unnamed:_12,unnamed:_13,unnamed:_14,unnamed:_15,unnamed:_16,unnamed:_17,unnamed:_18,unnamed:_19,unnamed:_20,unnamed:_21,unnamed:_22,unnamed:_23,unnamed:_24,unnamed:_25,unnamed:_26,unnamed:_27,unnamed:_28,unnamed:_29
District/Crop,Cereals ,Maize,Sorghum,Paddy rice,Wheat,Other cereals,Tubers and Roots,Cassava,Sweet potato,Irish potato,Yams & Taro,Banana,Cooking banana,Dessert banana,Banana for beer,Legumes and Pulses,Bean,Bush bean,Climbing bean,Pea,Groundnuts,Soybean,Vegetables and Fruits,vegetables,Fruits,Fodder crops,Other crops,Total Developed land
Nyarugenge,843.4091000000001,574.4233,268.9858,,,,2876.70425,523.4514,212.3749,22.41695,2118.461,1876.1861,512.9494,505.5191,857.7176,2359.6098899999997,2166.426,2166.426,,,38.90739,154.2765,108.72764102777255,103.23822702777255,5.489414,,1217.824,9282.460981027773
Gasabo,4784.795628,1274.728,3191.877,312.1009,,6.089728,7136.631200000001,5060.5,1522.492,386.9124,166.7268,4688.438,1826.656,1129.51,1732.272,4299.10929,3828.4329,3514.56,313.8729,20.49489,116.2404,333.9411,778.1905469864304,737.0069469864304,41.1836,323.0102,1078.102,23088.276864986427
Kicukiro,1084.8685,497.9247,484.8376,102.1062,,,1429.2029,1006.88,147.0157,,275.3072,1099.7146,450.205,169.2929,480.2167,1420.99112,1345.715,1345.715,,,,75.27612,268.6108547321839,144.8304547321839,123.7804,51.30425,80.70915,5435.401374732183
Nyanza,9190.043800000001,2962.119,5303.252,687.9765,,236.6963,12705.3254,9496.865,2129.052,253.4845,825.9239,7456.678,2652.864,1333.653,3470.161,17542.3463,14135.135,11638.4,2496.735,210.3886,975.7617,2221.061,777.856372285998,486.57807228599796,291.2783,160.5536,1695.232,49528.03547228601
Gisagara,8800.1235,2434.511,2914.201,2977.253,,474.1585,11821.6816,8505.435,2720.824,143.0513,452.3713,7814.849999999999,1770.02,1610.559,4434.271,18358.43489,14325.867,12302.4,2023.467,30.35439,856.1885,3146.025,658.1804142351057,457.1809142351057,200.9995,,1100.295,48553.565404235094
Nyaruguru,3484.8794940000002,263.2013,2780.955,49.54735,384.6959,6.479944,14792.7451,7072.766,5109.951,2082.623,527.4051,3566.7278,1114.051,789.6428,1663.034,9645.231699999998,8229.319599999999,872.2046,7357.115,262.3971,,1153.515,777.2546410846547,691.1003010846547,86.15434,495.8876,4834.104,37596.830335084655
Huye,6620.2502,977.4691,4318.888,1019.946,,303.9471,9453.8654,5999.41,2901.267,174.7806,378.4078,6109.611000000001,2192.981,1470.192,2446.438,12501.512999999999,9787.794,6180.937,3606.857,297.1326,133.5914,2282.995,1684.33618243294,738.32748243294,946.0087,47.79921,1188.773,37606.14799243294
Nyamagabe,7462.1590400000005,1092.237,4173.376,28.16104,2168.385,,14224.271000000002,5516.591,5825.86,1811.683,1070.137,5655.3345,737.8242,701.7753,4215.735,9794.7708,8046.4252,820.7422,7225.683,872.0169,,876.3287,465.61556700875593,386.34106700875594,79.2745,61.39027,4990.792,42654.33317700876
Ruhango,4273.08788,1043.374,2149.53,1001.998,,78.18588,20272.80174,16244.56,3313.436,72.93184,641.8739,7061.14,1348.278,1174.708,4538.154,16826.7705,11267.872,8057.161,3210.711,107.4945,1865.079,3586.325,484.66583046381015,406.13355046381014,78.53228,610.313,2186.299,51715.07795046381
Muhanga,1208.66461,901.8631,76.21687,81.92777,125.3386,23.31827,18107.6986,10995.62,4462.685,202.5576,2446.836,16867.537,3585.779,1716.278,11565.48,9423.32164,6899.825,2569.376,4330.449,161.471,68.43064,2293.595,928.6877801120273,402.7409801120273,525.9468,600.4536,1216.752,48353.11523011203
Kamonyi,5558.279639999999,1963.406,3315.305,266.0588,,13.50984,26029.416400000002,21978.09,2812.881,367.015,871.4304,10245.302,1275.197,1554.919,7415.186,15879.911199999999,10928.417,9007.463,1920.954,107.3795,869.5167,3974.598,1150.0435006213972,905.0981006213972,244.9454,80.28454,3897.906,62841.14328062141
Karongi,2757.50918,705.6621,1991.804,,60.04308,,12087.0502,6831.15,3915.906,195.9232,1144.071,11122.844000000001,2526.212,1196.443,7400.189,10567.567900000002,8452.392,1868.541,6583.851,333.2391,132.0948,1649.842,1115.9075665464889,941.2814775715184,174.62608897497046,483.0025,3048.017,41181.89834654649
Rutsiro,1744.5657,1582.98,161.5857,,,,8935.740099999999,1892.613,2872.907,3677.228,492.9921,6979.005000000001,1913.893,1183.14,3881.972,7421.422199999999,5725.2791,723.8561,5001.423,507.0331,,1189.11,482.6714713602977,261.40617136029766,221.2653,424.6208,4231.711,30219.736271360296
Rubavu,1638.2221000000002,1492.053,146.1691,,,,8881.899000000001,402.3122,1725.186,6595.502,158.8988,2401.2907999999998,947.0248,282.435,1171.831,6110.1988,5021.5566,695.3896,4326.167,595.6708,,492.9714,6093.4,3046.7,3046.7,310.9751,1802.167,27238.152800000007
Nyabihu,5636.073,4287.826,,,1348.247,,11789.48126,874.9843,2703.799,8167.941,42.75696,1229.8276,378.3311,288.1087,563.3878,3381.3026100000006,2740.9284700000003,69.54347,2671.385,594.155,,46.21914,1452.5276828255865,970.3242828255866,482.2034,120.8421,2437.791,26047.84525282559
Ngororero,5304.9513162,4004.69,,0.6823162,1299.579,,12370.810000000001,3413.985,5419.562,1367.172,2170.091,10048.952,1600.644,1574.175,6874.133,8304.4262,6298.689399999999,543.4004,5755.289,402.1498,,1603.587,761.1141171018942,419.2776171018941,341.8365,306.7675,1541.981,38639.0021333019
Rusizi,2748.71032,1142.294,64.24832,1542.168,,,20274.08107,17703.7,1976.357,65.33727,528.6868,5559.9439,2104.529,440.7509,3014.664,11960.816910000001,10564.806,7676.783,2888.023,37.69691,323.964,1034.35,1883.316850063927,584.720850063927,1298.596,94.24507,4379.044,46900.15812006393
Nyamasheke,864.0063,484.9035,11.4894,367.6134,,,17922.88405,12529.31,4231.065,12.18205,1150.327,6601.1326,1809.288,911.3536,3880.491,10102.02404,7636.08,1195.018,6441.062,78.96914,861.2479,1525.727,1559.3091,841.823,717.4861,120.6339,6328.979,43498.96899
Rulindo,4598.690250000001,1193.126,3322.675,18.15049,64.73876,,7986.0225,3183.915,3362.561,1301.678,137.8685,7185.638,2306.644,1398.249,3480.745,8308.73265,7801.9220000000005,2883.789,4918.133,343.0542,11.67365,152.0828,1379.0888,1058.198,320.8908,112.4211,4692.783,34263.3763
Gakenke,1985.28749,1505.066,269.5558,18.88369,191.782,,14743.484199999999,6281.168,6034.099,976.4142,1451.803,15351.164,3841.199,2224.623,9285.342,12323.132,11328.3963,942.9463,10385.45,319.1562,,675.5795,982.0465420281737,429.6398420281737,552.4067,140.4422,1972.21,47497.76643202817
Musanze,5353.68213579541,2137.166,2041.873,,1174.6431357954102,,6888.1645,359.0079,1914.72,4433.863,180.5736,2092.9418,923.6222,553.4902,615.8294,7447.678739999999,7189.6195,348.5525,6841.067,230.0912,,27.96804,1462.0227000869472,1257.3566000869473,204.6661,65.55872,1381.6040500000001,24691.652645882357
Burera,8201.8345,2468.997,5105.155,,551.2451,76.4374,8500.53668,183.3552,3262.627,5015.373,39.18148,2185.7048999999997,929.2469,122.745,1133.713,11066.972399999999,9947.365399999999,558.4384,9388.927,1076.253,,43.354,829.933921958062,545.4233219580619,284.5106,641.8517,327.0005,31753.83460195806
Gicumbi,13032.345,2330.947,9364.864,,1336.534,,11710.196499999998,4007.02,4951.316,2582.221,169.6395,6323.781,2727.089,1675.36,1921.332,14931.028300000002,13781.28,3467.58,10313.7,726.2386,184.3884,239.1213,865.4729980795381,574.4544980795381,291.0185,655.9906,1861.602,49380.416398079535
Rwamagana,10466.53452,3953.258,5957.332,524.3414,,31.60312,6995.5672,4407.596,1567.833,712.8454,307.2928,11217.774000000001,6764.129,1738.498,2715.147,14770.297099999998,12378.4376,12118.49,259.9476,102.5374,1665.563,623.7591,1186.252239671001,921.0075396710009,265.2447,956.2915,1406.027,46998.743559671006
Nyagatare,33225.236029,26477.53,4507.691,2157.662,81.0336,1.319429,4504.576120000001,2185.864,1556.562,693.1501,69.00002,11561.108,6352.022,1556.053,3653.033,32575.8036,29337.968,27800.45,1537.518,,926.1056,2311.73,963.6586905320238,884.5536405320238,79.10505,558.8435,1027.611,84416.83693953203
Gatsibo,19515.200000000004,9307.352,7909.668,1715.026,351.3905,231.7635,8062.5596,2373.7,2911.418,2335.328,442.1136,21807.699,12645.56,2827.325,6334.814,22870.768190000003,18859.438000000002,16165.85,2693.588,81.15419,1976.761,1953.415,939.7356320014359,843.6813,96.05433200143587,608.1356,3135.457,76939.55502200144
Kayonza,22216.0685,6908.459,13143.9,1239.621,,924.0885,15807.6732,11632.88,1498.666,2293.858,382.2692,12483.184,8650.189,1519.685,2313.31,22047.042763246613,20927.059633246612,20631.010633246613,296.049,90.16503,466.739,563.0791,2597.8298237516447,723.4428237516447,1874.387,636.3432,1941.444,77729.58548699826
Kirehe,14294.792000000001,2217.642,10518.77,959.4503,,598.9297,10724.372,6885.788,1058.856,1435.12,1344.608,18317.398999999998,10756.32,1329.103,6231.976,26098.5683,23349.816,15260.1,8089.716,342.2503,1323.781,1082.721,775.4987000000001,477.2624,298.2363,20.14257,5846.741,76077.51356999998
Ngoma,10394.162699999999,1948.855,5915.695,938.6187,,1590.994,9261.471099999999,7103.44,1219.626,681.1447,257.2604,16076.842,9236.549,1760.691,5079.602,21992.85314,19293.139,16956.44,2336.699,52.12114,1323.772,1323.821,1708.9837883151235,328.1205017098481,1380.8632866052756,141.0828,2219.27666,61794.672188315126
Bugesera,12040.01179,6689.332,3728.976,1524.639,,97.06479,10175.2764,7652.602,1433.652,364.4741,724.5483,9783.756000000001,3619.111,1675.417,4489.228,27655.801,22139.487,21975.97,163.517,,3821.208,1695.106,1723.8377011080672,742.9882011080672,980.8495,611.2132,973.0243,62962.92039110806
Total,229328.4442229954,94823.39510000001,103138.87558999998,17533.931856199997,9137.655675795411,4694.586001000001,346472.18927,192304.559,84774.55660000003,48424.211209999994,20968.862459999997,250771.50660000002,97498.4076,36413.6945,116859.40449999998,397988.44717324665,333734.8887032466,210357.53320324662,123377.35549999999,7981.06459,17941.01408,38331.47979999999,36844.7776564213,21310.2381648396,15534.539491581683,9440.39993,74041.25866,1344887.0235126633
Small scale farmers (SSF),209899.04737579546,92968.58610000001,102922.1,248.1216,9087.337675795412,4672.902,345818.49,192274.6,84774.56,47800.47,20968.86,250654.12,97393.06,36405.96,116855.1,395896.7432032466,332661.0212032466,209468.6212032466,123192.4,7961.202,17941.01,37333.51,35627.310156421285,21072.8810648396,14554.429091581684,9155.874,72954.66566000001,1320006.2503954633
Large scale farmer (LSF),19429.41733,1854.809,216.7966,17285.81,50.318,21.68373,653.73251,29.99311,0,623.7394,0,117.40578900000001,105.3353,7.731148,4.339341,2091.7343,1073.9031,888.912,184.9911,19.8621,0,997.9691,1217.4675,237.3571,980.1104,284.5257,1086.593,24880.876129
"Source: NISR, SAS 2026",,,,,,,,,,,,,,,,,,,,,,,,,,,,
