district,plots_under_erosion_control_measures,categories_of_erosion_control_measures_adopted,unnamed:_4,unnamed:_5
,,,Measures to control Moderate rate erosion,Measures to control Severe rate erosion
Nyarugenge,60.95,16.6,3.54,40.81
Gasabo,69.23,20.41,12.3,36.51
Kicukiro,40.04,23.76,5.11,11.17
Nyanza,83.68,44.1,27.41,12.17
Gisagara,68.02,32.98,23.51,11.53
Nyaruguru,89.03,29.11,24.37,35.56
Huye,84.69,24.64,28.11,31.94
Nyamagabe,79.89,25.21,13.59,41.09
Ruhango,78.75,38.85,14.81,25.09
Muhanga,88.88,60.19,13.28,15.41
Kamonyi,82.07,58.14,17.37,6.55
Karongi,74.19,46.34,21.43,6.42
Rutsiro,71.54,37.51,6.56,27.47
Rubavu,76.93,53.0,2.2,21.74
Nyabihu,87.61,50.14,3.7,33.77
Ngororero,93.34,73.03,9.65,10.66
Rusizi,61.83,41.49,12.77,7.58
Nyamasheke,79.73,57.56,7.72,14.45
Rulindo,85.64,47.15,18.12,20.36
Gakenke,86.68,56.15,4.6,25.93
Musanze,66.55,54.79,3.44,8.33
Burera,88.7,48.21,14.94,25.55
Gicumbi,91.65,35.57,5.32,50.76
Rwamagana,76.56,49.57,11.38,15.61
Nyagatare,62.76,26.94,10.17,25.65
Gatsibo,87.93,70.34,11.62,5.97
Kayonza,63.86,36.35,16.43,11.07
Kirehe,58.57,40.4,8.87,9.3
Ngoma,54.52,39.13,5.69,9.7
Bugesera,51.18,28.16,5.6,17.42
Total,78.16,44.45,12.83,20.88
"Source: NISR, SAS 2026",,,,
