unnamed:_1,severe_rill_erosion_gully_erosion_mass_movement_landslides,moderate_diffuse_overland_flow_erosion_overland_flow_erosion,low_wind_erosion,very_low_splash_erosion
Nyarugenge,0.13,14.19,4.89,80.79
Gasabo,0.33,5.14,22.58,71.95
Kicukiro,0.39,0.34,1.66,97.61
Nyanza,0.71,7.23,52.62,39.44
Gisagara,1.57,26.14,41.71,30.58
Nyaruguru,0.65,8.5,51.11,39.74
Huye,0.0,1.83,32.71,65.47
Nyamagabe,3.32,23.46,17.42,55.79
Ruhango,0.56,8.03,25.58,65.83
Muhanga,3.67,13.36,46.12,36.86
Kamonyi,3.29,16.0,19.87,60.85
Karongi,1.08,16.38,45.95,36.59
Rutsiro,1.71,5.42,22.67,70.2
Rubavu,0.53,8.68,41.99,48.79
Nyabihu,1.51,13.7,51.22,33.57
Ngororero,5.54,13.18,43.65,37.63
Rusizi,1.55,6.03,62.64,29.78
Nyamasheke,0.57,13.56,57.73,28.14
Rulindo,1.2,14.41,45.3,39.09
Gakenke,0.42,12.71,53.39,33.48
Musanze,0.41,9.86,60.38,29.35
Burera,1.66,2.71,68.51,27.12
Gicumbi,6.43,13.67,16.62,63.28
Rwamagana,3.32,21.15,19.35,56.17
Nyagatare,0.22,4.39,13.32,82.07
Gatsibo,0.15,4.02,29.05,66.78
Kayonza,0.1,8.1,48.87,42.93
Kirehe,0.73,7.92,23.07,68.28
Ngoma,0.53,5.0,48.13,46.34
Bugesera,0.43,1.7,37.44,60.44
Total,1.72,11.04,39.13,48.11
"Source: NISR, SAS 2026",,,,
