fertilizer_name,government_minagri_rab_naeb,agro-deal,ngos,market,agricultural_cooperative,other_source,total
NPK 17-17-17;,0.6,50.75,40.28,4.85,3.23,0.3,100.0
NPK 20-10-10;,3.45,31.03,58.62,0.0,6.9,0.0,100.0
NPK 25-5-5;,0.0,61.54,30.77,7.69,0.0,0.0,100.0
NPK 22-6-12;,3.33,38.33,53.33,3.33,1.67,0.0,100.0
Other NPK;,1.64,62.3,22.95,9.84,3.28,0.0,100.0
Urea;,0.53,43.04,48.09,5.09,3.12,0.12,100.0
liquid urea (Mbonea M,0.0,42.11,52.63,5.26,0.0,0.0,100.0
DAP,0.48,40.4,53.13,3.74,2.22,0.03,100.0
"KCL/MOP,",0.0,60.0,10.0,0.0,30.0,0.0,100.0
Omax;,0.0,52.38,38.1,4.76,4.76,0.0,100.0
Winner;,0.0,88.46,7.69,3.85,0.0,0.0,100.0
Yara Viva;,0.0,33.33,66.67,0.0,0.0,0.0,100.0
Amidas;,0.0,42.86,28.57,0.0,14.29,14.29,100.0
Rhizobium,33.33,66.67,0.0,0.0,0.0,0.0,100.0
DI Grow;,0.0,47.62,35.71,2.38,14.29,0.0,100.0
Lime/Ishwagara,1.97,39.41,52.71,5.42,0.49,0.0,100.0
Other type of fertilizer,0.6,44.25,47.68,4.42,2.92,0.13,100.0
"Source: NISR, SAS 2026",,,,,,,
