district,npk,urea,dap,di_grow,lime,others,total
Nyarugenge,24.14,52.65,23.22,0.0,0.0,0.0,100.0
Gasabo,25.83,48.16,25.58,0.43,0.0,0.0,100.0
Kicukiro,29.59,41.92,28.5,0.0,0.0,0.0,100.0
Nyanza,10.42,58.17,30.74,0.0,0.47,0.2,100.0
Gisagara,16.11,38.61,43.08,1.38,0.81,0.01,100.0
Nyaruguru,24.71,19.11,38.36,0.3,17.53,0.0,100.0
Huye,25.36,49.31,25.26,0.06,0.0,0.01,100.0
Nyamagabe,26.53,24.25,45.87,0.0,3.34,0.0,100.0
Ruhango,14.5,50.14,33.25,0.0,0.0,2.1,100.0
Muhanga,20.5,39.58,39.75,0.0,0.0,0.17,100.0
Kamonyi,27.59,49.13,21.92,0.0,0.0,1.35,100.0
Karongi,5.0,36.56,57.22,0.0,1.23,0.0,100.0
Rutsiro,18.42,29.58,34.03,0.0,17.4,0.56,100.0
Rubavu,53.21,22.18,21.38,0.22,0.0,3.01,100.0
Nyabihu,24.44,39.31,31.8,0.12,0.04,4.29,100.0
Ngororero,10.01,37.42,49.43,0.0,3.13,0.0,100.0
Rusizi,18.27,22.85,53.59,0.0,5.04,0.25,100.0
Nyamasheke,23.0,20.52,49.8,0.0,6.47,0.2,100.0
Rulindo,19.78,46.52,32.92,0.78,0.0,0.0,100.0
Gakenke,19.59,29.74,48.47,0.0,1.38,0.82,100.0
Musanze,28.98,32.93,27.82,0.0,0.69,9.58,100.0
Burera,24.2,34.7,37.71,0.0,0.0,3.39,100.0
Gicumbi,47.57,29.09,20.25,0.0,0.91,2.19,100.0
Rwamagana,12.92,44.2,42.39,0.0,0.0,0.49,100.0
Nyagatare,1.98,51.04,44.67,0.21,0.19,1.92,100.0
Gatsibo,24.94,45.96,27.31,0.0,0.22,1.58,100.0
Kayonza,21.86,41.05,35.54,0.0,0.0,1.55,100.0
Kirehe,10.51,53.17,32.54,1.07,0.42,2.28,100.0
Ngoma,20.52,47.37,32.11,0.0,0.0,0.0,100.0
Bugesera,2.95,36.61,59.98,0.0,0.03,0.43,100.0
Total,20.25,35.45,40.02,0.13,2.85,1.3,100.0
"Source: NISR, SAS 2026",,,,,,,
