district,percentage_of_farmers_who_used_improved_seeds,unnamed:_3,unnamed:_4,percentage_of_sampled_plots_in_which_improved_seeds_was_used,unnamed:_6,unnamed:_7,percentage_of_land_size_in_which_improved_seeds_were_used,unnamed:_9,unnamed:_10
,,SSF,LSF,,SSF,LSF,,SSF,LSF
Nyarugenge,21.05,21.05,0,8.09,8.09,0,11.83859532873069,11.83859532873069,
Gasabo,25.66,23.53,66.67,21.63,21.62,50,24.693265036616115,23.07217057024023,82.82688885447058
Kicukiro,8.7,8.15,33.33,6.26,6.26,50,8.332427547220167,5.763438986181392,88.36042107890744
Nyanza,27.52,26.87,66.67,18.02,18.02,66.67,25.948294546707366,25.133374319616447,70.62360329150977
Gisagara,19.8,16.98,78.26,11.33,11.33,61.76,22.35569748558709,17.005392830707414,78.85588950802007
Nyaruguru,6.98,4.28,58.82,4.32,4.32,56.52,3.8149814107278988,3.0730191238491673,53.733094528173254
Huye,16.89,13.49,65.52,8.48,8.48,68.29,16.574001189841532,14.79895574395241,66.27040556622981
Nyamagabe,16.1,15.44,57.14,9.92,9.92,41.18,12.408708360908891,12.295699090001984,38.71236000830249
Ruhango,14.63,12.19,93.75,9.94,9.94,66.67,12.90071454758218,10.446008778020941,92.29051735372052
Muhanga,10.14,9.3,100,6.52,6.52,100,7.06943274655857,6.59795654742199,100
Kamonyi,20.49,19.31,88.89,12.51,12.51,72.73,16.482906354365497,15.602212203949456,96.46698331144684
Karongi,12.9,12.73,50,11.58,11.58,50,10.211036179218164,9.969625497456523,95.95176268705154
Rutsiro,13.28,12.89,50,10.68,10.67,50,11.481224995229947,11.355617954423948,79.04639453472018
Rubavu,25.26,25.13,50,10.39,10.39,33.33,21.978455455867792,21.945730320383134,48.33272913154144
Nyabihu,40.2,40.05,100,29.78,29.78,100,35.55452710981564,35.512652820229306,100
Ngororero,24.07,24.12,0,17.69,17.69,0,19.14252890315888,19.143496070263993,0
Rusizi,6.97,6.09,55.56,5.59,5.59,58.33,9.824463217849813,5.450427912188046,89.29193139646243
Nyamasheke,7.31,6.18,50,3.8,3.8,45.45,5.982480908068466,4.850850401284525,71.17658869704016
Rulindo,14.42,14.01,40,11.97,11.97,22.22,11.323303582867148,11.256117105796273,34.208278090045
Gakenke,12.89,12.84,16.67,11.33,11.33,10,10.060588566725894,10.045060286244123,25.073615634829526
Musanze,11.67,11.27,66.67,10.21,10.21,88.89,12.008589412260347,11.855759270289958,85.7671519281557
Burera,12.79,12.63,50,6.4,6.4,50,12.42928199832539,12.388019796405453,52.51210049057017
Gicumbi,11.44,11.01,50,10.56,10.56,35.29,10.776444010821153,10.724990961687505,44.68880302398115
Rwamagana,24.15,21.69,52.5,20.42,20.42,28.86,21.276306529721957,20.017270554673296,65.03350912997502
Nyagatare,68.26,66.9,79.17,46.55,46.55,55.61,63.34129644827353,62.39409186913605,88.3692543375968
Gatsibo,23.6,20.78,59.62,11.79,11.79,47.15,22.054384264392148,19.51987631077538,83.8723254759489
Kayonza,33.08,29.07,80.49,26.0,25.99,77.27,29.977642151587414,27.686454357325914,90.3751425318776
Kirehe,8.41,7.03,78.57,5.12,5.11,88.37,10.572961182514067,7.328884197424424,94.22797197418795
Ngoma,10.39,8.73,36.84,6.22,6.22,29.41,11.003208071410636,9.101975515339781,79.15290335789085
Bugesera,45.14,44.14,65.62,34.59,34.58,54.35,41.44331546523722,39.62402817652942,89.77424969526591
National,20.9,19.36,64.98,13.07,13.07,53.12,21.101166323559443,19.59602578519434,83.43499729006847
"Source: NISR, SAS 2026",,,,,,,,,
