district,government_minagri_rab_naeb,agro-dealers,ngos__companies,market,agricultural_cooperative,other_source,total
Nyarugenge,0.0,89.13,0.0,6.52,4.35,0.0,100.0
Gasabo,0.0,73.64,19.38,3.1,3.88,0.0,100.0
Kicukiro,0.0,96.43,3.57,0.0,0.0,0.0,100.0
Nyanza,0.44,13.72,74.34,4.87,6.19,0.44,100.0
Gisagara,0.0,40.4,41.92,2.53,14.65,0.51,100.0
Nyaruguru,0.35,16.32,77.43,5.9,0.0,0.0,100.0
Huye,3.09,32.72,56.17,1.85,6.17,0.0,100.0
Nyamagabe,0.32,22.9,69.68,3.87,3.23,0.0,100.0
Ruhango,1.97,20.39,66.45,3.29,7.89,0.0,100.0
Muhanga,0.0,30.41,57.89,5.85,5.85,0.0,100.0
Kamonyi,0.0,35.6,43.46,7.33,13.61,0.0,100.0
Karongi,0.0,38.95,60.35,0.7,0.0,0.0,100.0
Rutsiro,1.61,35.89,59.68,2.42,0.4,0.0,100.0
Rubavu,0.37,74.35,20.07,5.2,0.0,0.0,100.0
Nyabihu,0.0,65.27,28.01,6.72,0.0,0.0,100.0
Ngororero,0.0,25.63,67.51,6.85,0.0,0.0,100.0
Rusizi,0.3,19.16,77.25,1.5,1.5,0.3,100.0
Nyamasheke,1.22,32.22,61.09,4.86,0.61,0.0,100.0
Rulindo,1.84,46.54,38.71,3.69,9.22,0.0,100.0
Gakenke,0.0,44.61,47.62,5.01,2.76,0.0,100.0
Musanze,0.32,64.97,34.71,0.0,0.0,0.0,100.0
Burera,1.33,22.59,63.79,9.63,2.66,0.0,100.0
Gicumbi,0.0,32.62,64.0,2.46,0.92,0.0,100.0
Rwamagana,1.61,31.73,53.01,1.61,12.05,0.0,100.0
Nyagatare,0.41,56.58,38.27,2.88,1.65,0.21,100.0
Gatsibo,1.24,44.01,48.14,5.79,0.83,0.0,100.0
Kayonza,2.26,46.77,42.58,5.16,3.23,0.0,100.0
Kirehe,0.0,57.32,32.17,6.05,4.46,0.0,100.0
Ngoma,1.08,30.81,48.65,11.89,6.49,1.08,100.0
Bugesera,0.49,50.49,44.12,1.96,2.94,0.0,100.0
Total,0.65,40.84,50.88,4.37,3.18,0.07,100.0
"Source: NISR, SAS 2026",,,,,,,
