district,overall,ssf,lsf,overall.1,ssf.1,lsf.1,overall.2,ssf.2,lsf.2
Nyarugenge,34.59,34.59,,37.55,37.55,,37.30056837240854,37.30056837240854,
Gasabo,42.43,40.14,86.67,61.77,61.77,60.87,68.11655129765309,66.99697373647838,85.68761005708271
Kicukiro,20.29,19.26,66.67,59.12,59.11,100.0,51.70241504403448,44.31798787503347,100.0
Nyanza,40.65,39.85,88.89,29.25,29.25,64.29,35.8116976112126,32.742066243141515,99.35493227769598
Gisagara,39.6,36.9,95.65,40.78,40.78,100.0,56.60625860535037,45.85850026665432,100.0
Nyaruguru,83.72,82.87,100.0,57.45,57.45,91.3,60.38421933033317,59.678748187541345,99.31179846744075
Huye,36.49,33.25,82.76,39.71,39.71,75.76,45.25798308356488,39.55497369510362,98.88614098306559
Nyamagabe,70.29,69.82,100.0,56.43,56.43,100.0,58.54555863670187,58.30207248879441,100.0
Ruhango,28.52,26.31,100.0,37.13,37.13,66.67,45.950219376150514,40.915332025120335,88.32083749619912
Muhanga,39.4,38.84,100.0,48.48,48.48,100.0,47.56176779997199,46.81720099789174,100.0
Kamonyi,35.9,35.18,77.78,23.23,23.23,100.0,30.201150385783126,28.242903676128435,100.0
Karongi,64.48,64.55,50.0,45.39,45.39,100.0,50.791573067489225,50.78295900607067,100.0
Rutsiro,64.58,64.21,100.0,50.11,50.11,75.0,61.7349705785361,61.629159928245336,97.32663883528517
Rubavu,70.79,70.9,50.0,68.18,68.18,66.67,71.1844289487204,71.16189568169662,98.40556108800499
Nyabihu,89.7,89.67,100.0,67.66,67.66,100.0,70.51302365089752,70.49178174537461,100.0
Ngororero,81.07,81.03,100.0,53.43,53.43,100.0,55.4846943598858,55.481916661781916,100.0
Rusizi,66.53,66.13,88.89,50.38,50.38,100.0,59.783587318348175,56.67680153011246,100.0
Nyamasheke,70.75,70.64,75.0,61.02,61.02,100.0,60.87485996284584,60.04715369525228,100.0
Rulindo,68.03,67.83,80.0,48.96,48.96,75.0,50.76931422516021,50.577013445133346,98.59294073402242
Gakenke,82.95,83.37,50.0,44.76,44.76,100.0,46.71766172714425,46.685401191478476,100.0
Musanze,74.76,74.82,66.67,55.33,55.33,50.0,61.59578992488706,61.59160064694756,63.36564389799291
Burera,63.1,62.95,100.0,62.65,62.65,100.0,70.64232782324723,70.59563052495075,100.0
Gicumbi,60.98,60.72,83.33,51.83,51.83,100.0,52.52982918350181,52.461172725082996,100.0
Rwamagana,49.7,48.59,62.5,68.1,68.11,54.65,69.32062004113229,68.57924769282633,85.45775932418435
Nyagatare,74.88,73.83,83.33,71.02,71.01,92.56,87.31065812378705,86.74537697574044,99.12917855796579
Gatsibo,67.6,66.57,80.77,54.24,54.24,56.99,61.71143474866771,59.97789425392873,91.62969510639034
Kayonza,58.94,57.11,80.49,55.22,55.22,71.57,55.38867806110207,53.10485606706635,95.79562751684317
Kirehe,43.31,42.48,85.71,64.15,64.14,92.5,72.16795211377512,69.64189644965309,99.52958693376506
Ngoma,28.68,26.85,57.89,35.62,35.62,61.54,49.34472924283273,45.4165110343933,91.85307701804321
Bugesera,59.22,58.3,78.12,55.27,55.27,75.95,62.78101475293495,60.519609656488825,99.1969992074835
Total,57.5,56.73,80.17,52.6,52.6,75.57,60.58119478370241,59.15725720932714,96.72282332737502
"Source: NISR, SAS 2026",,,,,,,,,
