district,modern_irrigation,unnamed:_3,unnamed:_4,unnamed:_5,unnamed:_6,traditional_techniques
,,Flood irrigation,Drip irrigation,Sprinkler irrigation,Pivot irrigation,
Nyarugenege,33.33,0,0,0,0,66.67
Gasabo,3.23,16.13,16.13,3.23,0,61.29
Kicukiro,33.33,0,0,0,0,66.67
Nyanza,7.69,48.72,10.26,0,0,33.33
Gisagara,5.41,48.65,0,0,0,45.95
Nyaruguru,8.0,8,0,0,0,84.0
Huye,0.0,64.1,0,0,0,35.9
Nyamagabe,10.0,40,0,0,0,50.0
Ruhango,14.29,52.38,0,0,0,33.33
Muhanga,30.0,10,0,0,0,60.0
Kamonyi,22.22,18.52,0,0,0,59.26
Karongi,22.22,0,0,0,0,77.78
Rutsiro,40.0,0,0,0,0,60.0
Rubavu,0.0,0,0,0,0,100.0
Nyabihu,0.0,0,0,0,0,100.0
Ngororero,25.0,0,0,0,0,75.0
Rusizi,6.25,56.25,0,0,0,37.5
Nyamasheke,0.0,31.25,0,0,0,68.75
Rulindo,36.36,0,0,0,0,63.64
Gakenke,0.0,22.22,0,0,0,77.78
Musanze,0.0,0,0,0,0,0.0
Burera,66.67,0,0,0,0,33.33
Gicumbi,0.0,0,0,0,0,100.0
Rwamagana,26.15,13.85,7.69,9.23,0,43.08
Nyagatare,26.67,9.33,10.67,6.67,6.67,40.0
Gatsibo,41.18,29.41,0,2.94,0,26.47
Kayonza,3.81,14.29,11.43,19.05,2.86,48.57
Kirehe,25.0,8.33,0,2.08,52.08,12.5
Ngoma,52.17,26.09,0,0,0,21.74
Bugesera,25.32,12.66,10.13,26.58,0,25.32
National,17.79,22,5.53,7.25,4.35,43.08
"Source: NISR, SAS 2026",,,,,,
