table_12:,season_b_2026_average_yield_of_large-scale_farmers_by_crop_type_and_district_kg_ha,unnamed:_3,unnamed:_4,unnamed:_5,unnamed:_6,unnamed:_7,unnamed:_8,unnamed:_9,unnamed:_10,unnamed:_11,unnamed:_12,unnamed:_13,unnamed:_14,unnamed:_15,unnamed:_16,unnamed:_17,unnamed:_18,unnamed:_19,unnamed:_20,unnamed:_21,unnamed:_22,unnamed:_23,unnamed:_24,unnamed:_25,unnamed:_26,unnamed:_27,unnamed:_28
District/Crop,Cereals,Maize,Sorghum,Paddy rice,Wheat,Other cereals,Tubers and Roots,Cassava,Sweet potato,Irish potato,Yams & Taro,Bananas,Cooking banana,Dessert banana,Banana for beer,Legumes and Pulses,Bean,Bush bean,Climbing bean,Pea,Groundnuts,Soybean,Vegetables and Fruits,vegetables,Fruits,Fodder crops,Other crops
Nyarugenge,,0,0,0,0,0,,0,0,0,0,0,0,0,0,,0,0,0,0,0,0,,0,0,0,0
Gasabo,,2181.0446935183245,0,4136.719602257371,0,0,,0,0,0,0,0,0,0,0,,0,0,0,0,0,0,,5925.725910873717,846.8818177772453,17975.624385562336,617.1753649791998
Kicukiro,,0,0,5582.422671681304,0,0,,0,0,0,0,0,0,0,0,,0,0,0,0,0,721.9408623362042,,0,6586.70879171549,880.7391215767983,0
Nyanza,,1571.9654574829392,0,4845.445406123823,0,0,,0,0,15958.042237301159,0,0,0,0,0,,0,0,0,0,0,0,,9380.92469396052,782.1469455516182,0,763.3407289502727
Gisagara,,2433.5972257817302,0,4393.8932579153825,0,0,,0,0,0,0,0,0,0,0,,1360.0966871590572,1360.0966871590572,0,0,0,849.3501329754321,,2871.4051283620497,3237.1628294348525,0,0
Nyaruguru,,0,0,3522.892620866672,2438.155434075408,0,,0,0,13898.328544065966,0,0,0,0,0,,0,0,0,0,0,0,,0,3137.8909892906067,0,1273.2481318043992
Huye,,2758.3994055349403,0,3683.92804872198,0,0,,0,0,0,0,0,0,0,0,,1029.8278694177322,1029.8278694177322,0,0,0,0,,3269.4881042895377,2869.1976053584035,27200.197028397884,2325.429152924316
Nyamagabe,,3188.502977524106,0,3378.780978193596,2336.879980847776,0,,0,0,16005.174243941234,0,0,0,0,0,,1479.427562388131,0,1479.427562388131,1133.3353438597683,0,0,,0,0,0,0
Ruhango,,1336.2561953315667,0,4901.307622952731,0,0,,0,0,0,0,0,0,0,0,,798.5955761137864,798.5955761137864,0,0,0,0,,0,24890.05276870512,0,2431.428089572982
Muhanga,,1320.6809799579887,0,3284.991286363133,0,0,,0,0,14954.15239733153,0,0,0,0,0,,0,0,0,0,0,0,,5304.740257428575,0,0,0
Kamonyi,,5052.135025667307,0,4051.8594474319248,0,311.6702240245151,,0,0,0,0,0,0,0,0,,2597.137301760418,912.6028185906735,2801.3527373337965,0,0,695.2055108596215,,0,0,0,253.63408631769545
Karongi,,0,0,0,0,0,,0,0,0,0,0,0,0,0,,0,0,0,0,0,0,,0,0,0,543.3203092221987
Rutsiro,,0,0,0,0,0,,0,0,13753.53809138143,0,0,0,0,0,,0,0,0,0,0,0,,0,3352.1351215115137,0,0
Rubavu,,2713.93102046744,0,0,0,0,,0,0,14254.734035866943,0,0,0,0,0,,0,0,0,682.7636232982711,0,0,,0,0,0,0
Nyabihu,,0,0,0,0,0,,0,0,13308.315665983708,0,0,0,0,0,,0,0,0,0,0,0,,0,0,0,0
Ngororero,,0,0,0,0,0,,0,0,0,0,0,0,0,0,,1538.6316472875724,0,1538.6316472875724,0,0,0,,0,0,0,0
Rusizi,,0,0,4729.208685959045,0,0,,0,0,0,0,0,0,0,0,,673.8156796279852,673.8156796279852,0,0,0,0,,0,0,0,178.99789036766444
Nyamasheke,,0,0,4443.39043292702,0,0,,0,0,0,0,0,0,0,0,,916.7041058650666,0,916.7041058650666,0,0,917.9883008270522,,10531.519199287522,0,0,4694.949948153926
Rulindo,,0,1633.3751531435016,3691.3607711179475,1118.5896501282602,0,,0,0,12600.70116286267,0,0,0,0,0,,0,0,0,0,0,0,,0,0,0,724.5996717292372
Gakenke,,0,0,5101.227470785607,1500.021357579711,0,,0,0,0,0,0,0,0,0,,0,0,0,0,0,0,,0,4888.532263158075,0,0
Musanze,,0,0,0,1567.9358061965936,0,,0,0,15599.96896257991,0,0,0,0,0,,0,0,0,545.1153650433546,0,0,,0,4333.574570790394,14616.848048885835,0
Burera,,0,0,0,0,0,,0,0,13881.095065927899,0,0,0,0,0,,0,0,0,0,0,0,,0,0,0,0
Gicumbi,,0,0,0,1040.3695829815397,0,,0,0,16468.45050806992,0,0,0,0,0,,1118.355396794299,0,1118.355396794299,0,0,0,,0,0,18309.964791768216,0
Rwamagana,,0,1402.3868828408213,4653.98849703359,0,0,,0,0,0,0,0,0,0,0,,957.0501164413823,957.0501164413823,0,0,0,0,,10472.963040184522,2779.461551859784,23772.673873324373,711.5512652227897
Nyagatare,,4424.238425197562,2292.8362219400833,4363.48655600725,0,682.1130419321124,,0,0,8354.792370946288,0,21152.101241700715,21152.101241700715,0,0,,852.1929371881524,852.1929371881524,0,0,0,1188.6019341971669,,9299.524533818461,7892.705266358944,5428.251650687571,4618.301330134604
Gatsibo,,3763.8367503050426,1480.4780422277315,5329.437969330218,0,1519.0369265091483,,0,0,0,0,17686.15104925889,17686.15104925889,0,0,,1167.6444934051488,1167.6444934051488,0,0,0,1296.9066268206864,,4735.533981574477,6256.9350260421925,22215.170050539888,2266.972768894012
Kayonza,,4899.675552061527,1022.9006233482887,4452.043890710321,0,0,,0,0,0,0,20246.93517313441,20246.93517313441,0,0,,772.9063265799745,772.9063265799745,0,0,0,1288.9590353576375,,11275.938803018144,425.8266942317874,25187.43216548934,9393.833484925799
Kirehe,,4940.893919045038,1565.7796069905128,5111.716813347938,0,308.88643605428706,,0,0,13119.53512992463,0,0,0,0,0,,1320.1090488596897,1320.1090488596897,0,0,0,1095.0759749408337,,9104.827650632784,3940.6722350309874,0,4931.61144073965
Ngoma,,2087.4185412934935,1766.654753095261,4033.160476135171,0,320.4294492588282,,0,0,0,0,17812.475275624896,17812.475275624896,0,0,,1135.5683650492344,1135.5683650492344,0,0,0,0,,7562.187563764287,4273.287911330877,0,1557.4140498067397
Bugesera,,2445.7511633684917,2099.885274582949,5234.366794559748,0,0,,0,0,0,0,0,0,0,0,,1003.855630043675,1003.855630043675,0,0,0,606.3440071760263,,6768.211168311008,829.719556994943,40178.11661482195,1633.8038558157052
LSF,,4080.5443850816687,1479.4596113171754,4612.756772147612,1366.5883909248246,933.4195247591907,,0,0,13667.412100004736,0,19903.606846441122,19903.606846441122,0,0,,1158.2339734600162,1028.3234380304073,1782.474983327379,736.5787188575623,0,1133.3055215832394,,8069.6100050662435,2713.255732506528,19791.337892525426,2584.0047419231496
"Source: NISR, SAS 2026",,,,,,,,,,,,,,,,,,,,,,,,,,,
