unnamed:_1,overall,ssf,lsf,overall_1,ssf.1,lsf.1,overall_.1,ssf.2,lsf.2
Nyarugenge,64.66,64.66,,78.12,78.12,,82.96644407238485,82.96644407238485,
Gasabo,77.63,78.55,60.0,76.43,76.44,53.49,77.74391841352889,77.9767599037378,55.03346442697361
Kicukiro,47.83,47.41,66.67,89.13,89.13,100.0,81.90050744701655,80.68874630381603,100.0
Nyanza,87.41,87.57,77.78,58.0,58.0,68.75,57.28458287102931,56.70573617321032,97.72474246824402
Gisagara,80.0,79.87,82.61,66.61,66.6,96.43,71.50781346273081,69.53764092148961,99.956916624953
Nyaruguru,97.97,98.17,94.12,69.06,69.06,100.0,70.31328580642426,69.86392864840391,100.0
Huye,90.09,89.64,96.55,80.11,80.11,90.0,78.20554609755875,77.38914770509373,99.20267984418506
Nyamagabe,96.6,96.54,100.0,81.26,81.26,100.0,77.44010107359279,77.34135471885043,100.0
Ruhango,85.18,84.91,93.75,64.35,64.35,73.91,63.80534099213907,63.02341224110508,86.25169327736042
Muhanga,91.47,91.4,100.0,72.21,72.21,100.0,74.71772054252338,74.57545787965428,100.0
Kamonyi,87.22,87.19,88.89,58.56,58.56,80.0,59.88589065088974,59.417296720627114,99.57948245694816
Karongi,95.02,95.23,50.0,69.42,69.42,100.0,71.24121676975129,71.15901141857034,100.0
Rutsiro,96.88,96.84,100.0,66.71,66.71,75.0,75.45175239186187,75.40961300381029,97.32663883528517
Rubavu,66.32,66.14,100.0,61.32,61.32,20.0,56.63918730735923,56.67815081015883,33.73658224151903
Nyabihu,96.73,96.73,100.0,75.56,75.56,100.0,71.50018616491614,71.48115318931032,100.0
Ngororero,97.53,97.53,100.0,68.72,68.72,100.0,70.5445720344336,70.54304468433668,100.0
Rusizi,75.7,76.47,33.33,59.33,59.33,75.0,59.84850128165722,59.387344548571654,76.65633001827982
Nyamasheke,90.32,92.27,16.67,71.23,71.23,100.0,70.76877162699533,70.59117205921424,100.0
Rulindo,95.61,95.86,80.0,84.68,84.68,75.0,82.2260333402984,82.24660360890694,74.93234716554193
Gakenke,98.54,98.95,66.67,68.65,68.65,75.0,70.40565903162985,70.39714623178538,84.53297431533127
Musanze,87.86,87.77,100.0,71.59,71.6,22.22,69.3039337333356,69.39909278272454,28.55824242747382
Burera,85.74,85.68,100.0,84.38,84.38,100.0,82.86478205482204,82.84420000322001,100.0
Gicumbi,97.37,97.34,100.0,74.96,74.96,100.0,74.9630974404976,74.92396099002883,100.0
Rwamagana,74.65,74.4,77.5,65.99,65.99,61.02,68.62652168027795,68.0177242363306,88.45305814782921
Nyagatare,59.48,60.14,54.17,72.76,72.76,90.62,70.61069266360644,70.39935494434687,92.5586125162926
Gatsibo,82.68,83.43,73.08,60.52,60.52,59.05,62.67080880556891,61.79174438800015,88.91259233624794
Kayonza,72.62,74.64,48.78,52.95,52.95,64.95,50.41717406866436,50.54690284164843,39.30208064379039
Kirehe,50.07,49.65,71.43,72.13,72.13,63.16,69.95700016345417,69.28693398308292,79.01083791725445
Ngoma,48.53,47.45,65.79,52.19,52.19,44.19,56.78417372441131,55.799787426370806,83.09936827438963
Bugesera,76.2,75.8,84.38,59.04,59.03,77.91,62.44643094112412,60.89703213927699,98.7802847875439
Total,81.34,81.69,71.31,69.62,69.62,71.4,68.41325346893728,67.95564525878396,89.14332003376191
"Source: NISR, SAS 2026",,,,,,,,,
