district,overall,ssf,lsf,overall_.1,ssf.1,lsf.1,overall_.2,ssf.2,lsf.2
Nyarugenge,29.32,29.32,,34.45,34.45,,33.56812847260295,33.56812847260295,
Gasabo,38.16,35.29,93.33,49.49,49.48,61.7,57.30256012218794,54.82596152808941,88.72807119788304
Kicukiro,12.32,11.11,66.67,47.0,46.97,100.0,46.58814574221385,34.50254290620321,100.0
Nyanza,39.57,38.94,77.78,29.45,29.44,61.54,36.238575614236034,33.450028674919054,99.28086666791907
Gisagara,30.4,27.25,95.65,38.09,38.08,96.77,47.46526205484691,35.3237737283382,86.62757757114358
Nyaruguru,47.09,44.34,100.0,44.87,44.87,91.3,42.94009640829832,40.993291078962486,99.31179846744075
Huye,30.41,26.02,93.1,31.91,31.9,74.36,35.43077431301273,27.391016195769275,98.43332098536767
Nyamagabe,51.47,50.69,100.0,33.88,33.88,100.0,40.23963752894779,39.75295778111618,100.0
Ruhango,27.2,25.15,93.75,21.43,21.43,60.87,29.07148717948718,22.51716006964611,85.2240382368106
Muhanga,23.96,23.26,100.0,40.2,40.2,100.0,41.7604834938126,40.51842299568704,100.0
Kamonyi,36.65,35.76,88.89,26.56,26.55,100.0,31.223557471046544,29.220190802821993,100.0
Karongi,25.34,25.0,100.0,31.51,31.51,100.0,35.26404457774076,34.49659016600715,100.0
Rutsiro,35.68,35.26,75.0,48.02,48.02,100.0,55.82706833528533,55.59340672675428,100.0
Rubavu,74.21,74.07,100.0,78.09,78.09,66.67,76.09769842120576,76.09167787343065,79.88875014625519
Nyabihu,78.64,78.59,100.0,57.12,57.12,100.0,59.359760508542855,59.32611486568321,100.0
Ngororero,49.38,49.28,100.0,43.64,43.64,100.0,45.51256145314969,45.5071742232429,100.0
Rusizi,21.91,20.89,77.78,29.14,29.13,88.89,46.05356396723223,32.41975099132489,99.20788785063282
Nyamasheke,27.31,26.05,75.0,37.33,37.33,76.92,46.379162606556605,43.76852770043172,98.68778185274827
Rulindo,57.37,56.69,100.0,39.42,39.42,77.78,41.950344650198154,41.66140088001658,98.6965696252171
Gakenke,59.25,59.16,66.67,38.09,38.09,75.0,37.952178715123466,37.90509090601412,84.53297431533127
Musanze,77.62,77.7,66.67,58.96,58.96,37.5,60.29282164280774,60.317488443470054,49.4295382602217
Burera,50.52,50.32,100.0,52.93,52.93,100.0,64.50544673451645,64.4360761626097,100.0
Gicumbi,50.09,49.53,100.0,38.05,38.05,94.12,38.09634221440456,37.92826719146805,95.52656396397212
Rwamagana,37.92,34.49,77.5,56.37,56.38,45.61,57.98275491331161,56.06268875512107,82.7765694440999
Nyagatare,30.35,24.44,77.78,47.55,47.49,94.4,69.90260253281342,66.56702193454267,98.0949556387409
Gatsibo,43.02,41.11,67.31,44.66,44.66,48.84,52.661813999803655,49.24964530044631,89.68415121950612
Kayonza,43.54,40.82,75.61,48.64,48.63,90.12,51.73835265443864,48.166723327196046,97.99582151754984
Kirehe,22.76,21.66,78.57,52.4,52.39,92.11,58.745067359027495,51.65126072256597,99.1814172036109
Ngoma,16.9,14.17,60.53,32.68,32.66,78.95,49.76280221374991,41.512426501680345,95.41104632697943
Bugesera,25.98,23.44,78.12,40.73,40.71,79.49,50.08714887847816,43.28436212578209,99.20504171881959
Total,39.1,37.68,79.96,42.58,42.58,75.35,49.69498814958218,47.02274059659334,94.41383022618217
"Source: NISR, SAS 2026",,,,,,,,,
