district,dithane,ridomil,dimethoate,cypermetrin,rocket,beam,other_pesticide,total
Nyarugenge,42.11,0.0,5.26,0.0,47.37,0.0,5.26,100.0
Gasabo,13.82,0.0,9.76,10.57,47.97,3.25,14.63,100.0
Kicukiro,14.29,0.0,0.0,14.29,50.0,0.0,21.43,100.0
Nyanza,8.93,1.79,1.79,4.46,73.21,3.57,6.25,100.0
Gisagara,8.89,0.0,5.19,17.78,52.59,7.41,8.15,100.0
Nyaruguru,24.3,0.0,0.93,7.48,34.58,0.93,31.78,100.0
Huye,8.33,0.0,8.33,22.92,39.58,13.54,7.29,100.0
Nyamagabe,29.88,0.61,1.83,28.66,36.59,1.22,1.22,100.0
Ruhango,6.56,4.92,1.64,9.84,62.3,6.56,8.2,100.0
Muhanga,12.9,6.45,1.61,11.29,61.29,1.61,4.84,100.0
Kamonyi,18.35,5.5,3.67,9.17,58.72,1.83,2.75,100.0
Karongi,6.67,0.0,13.33,26.67,43.33,0.0,10.0,100.0
Rutsiro,47.48,4.32,11.51,5.76,26.62,0.0,4.32,100.0
Rubavu,31.9,13.65,13.36,11.06,22.56,0.0,7.47,100.0
Nyabihu,31.52,10.91,6.67,7.47,24.85,0.0,18.59,100.0
Ngororero,16.67,0.67,2.67,10.67,64.0,0.0,5.33,100.0
Rusizi,20.51,0.0,17.95,21.79,17.95,5.13,16.67,100.0
Nyamasheke,15.31,2.04,3.06,52.04,18.37,1.02,8.16,100.0
Rulindo,28.1,2.48,3.31,10.74,40.5,0.83,14.05,100.0
Gakenke,8.86,1.9,2.53,39.87,36.08,0.0,10.76,100.0
Musanze,31.98,5.69,12.2,15.18,28.73,0.27,5.96,100.0
Burera,34.92,4.41,8.81,13.22,31.19,0.0,7.46,100.0
Gicumbi,39.38,1.55,2.07,6.22,40.93,0.0,9.84,100.0
Rwamagana,12.61,2.7,12.61,13.06,38.29,4.05,16.67,100.0
Nyagatare,8.33,1.74,4.51,12.15,43.06,3.12,27.08,100.0
Gatsibo,23.7,0.74,1.85,7.04,48.89,1.85,15.93,100.0
Kayonza,18.01,0.96,6.11,18.33,31.19,4.18,21.22,100.0
Kirehe,21.57,2.45,6.86,14.71,32.35,1.96,20.1,100.0
Ngoma,17.42,3.03,9.09,22.73,27.27,6.06,14.39,100.0
Bugesera,6.83,4.88,4.88,15.12,43.41,6.34,18.54,100.0
Total,23.08,4.59,7.2,14.22,36.2,1.99,12.72,100.0
"Source: NISR, SAS 2026",,,,,,,,
