crops,sold,own_consumption,wages_for_hired_labour,farm_rent,offered_as_gift,barter_trade_exchanged_with_other_things,seeds,fodder_purpose,stored,post_harvesting_losses,other_usage
Maize,35.27825,49.32595,1.7845799999999998,3.5581300000000002,6.55358,0.05823999999999999,0.6927,0.97126,1.142,0.41314000000000006,0.22215999999999997
Sorghum,54.60575,28.843249999999998,0.9506199999999999,2.13583,7.68794,0.0634,3.56789,0.07527,0.97215,0.7290300000000001,0.36887000000000003
Paddy rice,82.53833,16.6892,0.0,0.0,0.0,0.0,0.0,0.0,0.000567,0.43661000000000005,0.33528
Wheat,54.185280000000006,28.028,0.51337,0.0,6.58682,0.058980000000000005,8.4797,0.17841,0.10146000000000001,0.48702,1.38097
Other cereals,48.851420000000005,34.23907,0.68005,2.37567,3.84899,0.0,6.29687,0.0,1.64257,1.45023,0.61512
Sweet potato,39.352549999999994,46.64968,2.01132,0.59216,6.304170000000001,0.03679,0.013880000000000002,4.8387,0.02357,0.036039999999999996,0.14114
Irish potato,50.13903,28.227069999999998,0.75468,0.38053000000000003,4.965470000000001,0.01712,15.028839999999999,0.13742,0.04447,0.09348,0.21189
Yam & Taro,49.486819999999994,37.04576,1.3123,0.40733,5.95413,0.0,5.630199999999999,0.0,0.03662,0.022430000000000002,0.10441
Cassava,63.282720000000005,29.59342,0.72233,1.84794,3.90228,0.01783,0.0,0.13872,0.29394,0.039580000000000004,0.16124
Bush bean,21.46283,47.46624,1.97055,3.64033,5.63419,0.19239,16.89186,0.0,1.6335,0.61605,0.49207
Climbing bean,18.21398,51.50631,1.052,1.04978,7.91232,0.22409,17.707510000000003,0.0,1.54523,0.45994,0.32883999999999997
Pea,42.05505,35.5005,0.4511,0.23021,4.03052,0.42814,16.06803,0.0,0.31089,0.21434000000000003,0.71122
Groundnut,40.076460000000004,32.03144,0.43778999999999996,1.50177,4.24864,0.0,20.22167,0.0,0.55209,0.8445299999999999,0.08561
Soybean,28.21282,40.21959,0.99731,1.9005100000000001,5.2962299999999995,0.31189999999999996,20.35119,0.08907,0.9749300000000001,0.9911700000000001,0.65529
Cooking banana,66.08446,29.48269,0.74208,0.13151000000000002,3.22342,0.01448,0.00785,0.014620000000000001,0.0,0.00961,0.28926999999999997
Dessert banana,66.42451,29.38098,0.1132,0.15334,3.2529500000000002,0.053059999999999996,0.0,0.03095,0.0,0.03112,0.55991
Banana for beer,77.1451,14.7168,0.12941999999999998,0.09552000000000001,7.08232,0.01008,0.0,0.00971,0.0,0.13753,0.67354
Vegetables,85.77676,9.029869999999999,0.20441,0.39217,3.35429,0.0,0.70265,0.0,0.000733,0.17218999999999998,0.36693
Fruits,87.3669,7.113709999999999,0.00508,0.15967,3.90379,0.0,0.15438,0.00452,0.0,0.0442,1.2477500000000001
Fodder crops,4.78913,1.12008,0.00922,0.0,0.63891,0.434,0.05177,91.17529,0.14731,0.00023,1.63405
Other crops,95.46442,1.9454099999999999,0.04681,0.06154,0.6680400000000001,0.0,0.09696,0.00228,0.00293,0.12937,1.58223
"Source: NISR, SAS 2026",,,,,,,,,,,
