crop,traditional_seeds,improved_seeds,total
Maize,42.5,57.5,100.0
Paddy rice,91.57,8.43,100.0
Wheat,89.03,10.97,100.0
Irish potato,98.01,1.99,100.0
Cassava,99.87,0.13,100.0
Bush bean,99.57,0.43,100.0
Climbing bean,99.43,0.57,100.0
Pea,99.99,0.01,100.0
Soybean,99.75,0.25,100.0
Cooking banana,99.99,0.01,100.0
Dessert banana,99.59,0.41,100.0
Banana for beer,99.72,0.28,100.0
Vegetables,58.69,41.31,100.0
Fruits,92.4,7.6,100.0
Fodder crops,98.72,1.28,100.0
Other crops,86.59,13.41,100.0
Total,90.96,9.04,100.0
"Source: NISR, SAS 2026",,,
