crop,government_minagri_rab_,recognized_seed_multipliers,agro_dealers,ngos__companies,market,agriculture_cooperative,other_source,total
Maize ,0.71,1.91,42.87,49.23,3.53,1.74,0.0,100.0
Paddy rice ,2.36,46.46,2.36,0.0,0.79,48.03,0.0,100.0
Wheat ,23.53,5.88,0.0,64.71,5.88,0.0,0.0,100.0
Irish potato ,25.0,49.07,2.78,7.41,9.26,6.48,0.0,100.0
Cassava ,80.0,20.0,0.0,0.0,0.0,0.0,0.0,100.0
Bush bean ,32.14,7.14,35.71,14.29,7.14,3.57,0.0,100.0
Climbing bean ,29.41,11.76,5.88,29.41,11.76,5.88,5.88,100.0
Pea ,0.0,0.0,0.0,33.33,66.67,0.0,0.0,100.0
Soybean ,8.62,34.48,0.0,5.17,25.86,25.86,0.0,100.0
Cooking banana ,0.0,100.0,0.0,0.0,0.0,0.0,0.0,100.0
Dessert banana ,61.54,15.38,0.0,15.38,0.0,0.0,7.69,100.0
Banana for beer ,14.29,57.14,14.29,0.0,0.0,0.0,14.29,100.0
Vegetables ,1.29,2.9,53.87,15.48,25.48,0.32,0.65,100.0
Fruits ,43.75,27.08,4.17,6.94,6.94,9.72,1.39,100.0
Fodder crops ,48.0,2.0,24.0,22.0,2.0,2.0,0.0,100.0
Other crops,49.33,13.0,0.45,8.52,6.73,20.18,1.79,100.0
"Source: NISR, SAS 2026",,,,,,,,
