table_17:_2026_season_b_sowing_date_by_crops_percentage,unnamed:_2,unnamed:_3,unnamed:_4,unnamed:_5,unnamed:_6,unnamed:_7,unnamed:_8,unnamed:_9,unnamed:_10,unnamed:_11
Crops,Before January ,Between 01-15/01 ,Between 16-31/01,Between 01-15/02,Between 16-28/02,Between 01-15/03,Between 16-31/03	 ,After 31/03,Other season ,Total
Maize,1.2,4.14,4.33,35.51,34.05,16.25,3.55,0.98,0,100
Sorghum,8.09,43.78,23,17.98,5.57,1.02,0.57,0,0,100
Paddy rice,36.13,14.14,9.5,16.4,7.59,6.78,5.97,3.49,0,100
Wheat,0.71,0.63,0,1.45,1.96,20.99,20.64,53.62,0,100
Other cereals,0,0.49,2.79,35.85,33.64,19.5,6.26,1.48,0,100
Sweet potato,24.99,11.04,6.22,15.29,10.14,12.55,5.41,14.35,0,100
Irish potato,2.48,5.38,3.4,14.72,18.76,23.63,11.35,20.28,0,100
Taro & Yams,78.12,4.49,1.61,5.16,5.44,2.12,1.27,1.77,0,100
Cassava,3.17,3.15,1.6,5.9,4.57,3.77,1.16,3.88,72.81,100
Bush bean,0.13,0.78,1.74,31.02,38.58,22.47,4.47,0.81,0,100
Climbing bean,0.17,0.69,1.94,25.85,31.39,25.67,11.51,2.78,0,100
Pea,0.06,4.07,2.84,20.45,20.1,23.1,13.28,16.1,0,100
Groundnut,0.69,1.8,2.57,43.2,36.37,11.84,3.51,0.01,0,100
Soybean,0.4,2.07,4.75,36.67,37.49,14.81,3.14,0.66,0,100
Cooking banana,0.29,0.18,0,0.16,0.15,0.22,0,0.12,98.88,100
Dessert banana,0.09,0,0,0.1,0,0.26,0.09,0.42,99.04,100
Banana for beer,0.1,0,0,0.24,0.14,0.03,0,0.08,99.41,100
Vegetables,12.86,12.85,6.51,16.84,9.39,15.58,10.19,15.78,0,100
Fruits,2.11,2.15,0.35,3.85,2.11,1.59,0.41,11.04,76.39,100
Fodder crops,1.49,0.79,1.22,1.71,0.66,3.39,3.12,3.65,83.96,100
Other crops,17.06,0.28,0.51,0.89,0.44,0.82,0.94,3.08,75.97,100
"Source: NISR, SAS 2026",,,,,,,,,,
