table_16:_2026_season_b_sowing_dates_by_district_percentage,unnamed:_2,unnamed:_3,unnamed:_4,unnamed:_5,unnamed:_6,unnamed:_7,unnamed:_8,unnamed:_9,unnamed:_10,unnamed:_11
District,Before January ,Between 01-15/01 ,Between 16-31/01,Between 01-15/02,Between 16-28/02,Between 01-15/03,Between 16-31/03	 ,After 31/03,Other season ,Total
Nyarugenge,0.85,0.78,0.43,8.82,24.06,29.48,0,3.78,31.8,100
Gasabo,4.44,11.3,3.84,24.46,9.2,6.41,2.3,2.25,35.8,100
Kicukiro,6,1.57,3.16,24.55,10.11,9.18,2.62,0,42.81,100
Nyanza,7.48,5.18,3.54,33.4,13.57,6.6,2.4,2.49,25.34,100
Gisagara,3.46,2.76,2.4,22.42,23.49,5.84,0.42,1.96,37.26,100
Nyaruguru,10.29,4.96,3.79,15.4,11.98,9.73,5.8,13.43,24.62,100
Huye,6.98,5.06,4.21,22.69,14.54,5.6,2.72,4.03,34.17,100
Nyamagabe,6.67,6.59,4.71,11.55,19.67,12.18,8.73,6.72,23.17,100
Ruhango,7.37,9.29,2.74,25.53,18.39,2.85,0.97,3.83,29.04,100
Muhanga,9.96,4.66,2.32,14.56,16.62,5.93,2.74,4.71,38.49,100
Kamonyi,7.75,5.54,4.4,28.19,14.47,4.9,0.36,2.7,31.7,100
Karongi,11.27,3.27,3.64,19.47,13.66,5.18,2.76,3.44,37.3,100
Rutsiro,10.79,5.68,2.74,9.98,15.3,11.1,2.89,1.5,40.01,100
Rubavu,6.55,3.55,5.34,13.9,11.55,13.84,10.58,16.53,18.16,100
Nyabihu,6.15,4.24,1.94,9.82,26.64,14.17,9.55,15.83,11.66,100
Ngororero,12.54,5.08,5.02,17.94,17.8,9.38,0.86,3.52,27.86,100
Rusizi,6.13,0.48,1.01,8.64,19.28,9.48,2.5,1.23,51.26,100
Nyamasheke,10.3,0.74,1.62,10.19,16.39,8.94,3.24,7.27,41.3,100
Rulindo,7.47,6.33,5.74,9.91,12,17.7,7.01,6.25,27.59,100
Gakenke,15.85,4.9,2.68,7.72,7.52,16.62,5.63,5.95,33.13,100
Musanze,8.47,9.4,4.6,8.33,12.04,17.49,7.17,7.05,25.46,100
Burera,7.45,9.01,5.77,19.51,7.05,11.05,14.15,9.87,16.14,100
Gicumbi,7.4,6.63,5.09,9.45,11.66,24.39,7.97,4.96,22.46,100
Rwamagana,3.92,5.13,1.78,10.51,21.2,12.5,3.35,1.1,40.51,100
Nyagatare,1.3,0.64,2.74,25.46,25.34,11.78,2.43,0.62,29.69,100
Gatsibo,1.53,3.3,3.14,16.2,15,14.44,3.39,2.21,40.79,100
Kayonza,2.2,7.34,2.65,13.48,16.64,17.51,5.8,2.27,32.12,100
Kirehe,5.88,5.59,3.07,16.63,15.93,10.81,1.76,0.51,39.83,100
Ngoma,2.15,2.5,1.7,11.73,22.45,10.93,1.52,1.17,45.85,100
Bugesera,1.5,3.78,2.57,12.14,23.96,24.74,4.86,0.61,25.85,100
National,7.08,4.91,3.35,16.41,16.39,11.36,4.1,4.39,32.01,100
"Source: NISR, SAS 2026",,,,,,,,,,
