district,rainwater,water_treatment,underground,lake___streams,water_catchment,others
Nyarugenge,0.0,66.67,0.0,33.33,0.0,0.0
Gasabo,3.03,12.12,51.52,21.21,12.12,0.0
Kicukiro,14.29,0.0,28.57,57.14,0.0,0.0
Nyanza,4.44,0.0,24.44,53.33,17.78,0.0
Gisagara,2.7,13.51,37.84,40.54,5.41,0.0
Nyaruguru,0.0,0.0,33.33,66.67,0.0,0.0
Huye,4.35,0.0,34.78,41.3,19.57,0.0
Nyamagabe,8.33,0.0,33.33,58.33,0.0,0.0
Ruhango,23.26,2.33,32.56,32.56,6.98,2.33
Muhanga,0.0,0.0,50.0,50.0,0.0,0.0
Kamonyi,3.45,0.0,62.07,31.03,3.45,0.0
Karongi,0.0,0.0,44.44,55.56,0.0,0.0
Rutsiro,0.0,0.0,40.0,60.0,0.0,0.0
Rubavu,0.0,0.0,100.0,0.0,0.0,0.0
Nyabihu,0.0,0.0,100.0,0.0,0.0,0.0
Ngororero,0.0,50.0,50.0,0.0,0.0,0.0
Rusizi,0.0,11.76,47.06,41.18,0.0,0.0
Nyamasheke,0.0,5.26,63.16,31.58,0.0,0.0
Rulindo,7.69,15.38,23.08,30.77,23.08,0.0
Gakenke,0.0,0.0,55.56,44.44,0.0,0.0
Musanze,,,,,,0.0
Burera,0.0,0.0,0.0,100.0,0.0,0.0
Gicumbi,0.0,16.67,66.67,16.67,0.0,0.0
Rwamagana,0.0,8.33,23.61,19.44,48.61,0.0
Nyagatare,4.26,0.0,21.28,45.74,28.72,0.0
Gatsibo,0.0,11.43,14.29,48.57,20.0,5.71
Kayonza,0.0,2.24,28.36,29.1,40.3,0.0
Kirehe,0.0,6.12,16.33,77.55,0.0,0.0
Ngoma,4.0,0.0,44.0,40.0,12.0,0.0
Bugesera,1.11,3.33,15.56,62.22,17.78,0.0
National,2.96,4.44,30.26,42.43,19.57,0.34
"Source: NISR, SAS 2026",,,,,,
