district,dominant_crop,dominant_crop_area_ha,top_production_crop,top_crop_production_mt,improved_seed_use_percent,organic_fertilizer_use_percent,inorganic_fertilizer_use_percent,pesticide_use_percent,irrigation_percent,mechanization_percent,agroforestry_percent,erosion_protection_percent,observed_input_gap_index,agricultural_profile
2025B,,,tubers_and_roots,1937089.59,,,,,,,,,,Multiple agricultural practices observed
Bugesera,unnamed_29,62962.92,bananas,57666.97,45.14,76.2,59.22,25.98,18.58,0.73,69.93,81.28,52.28,Low mechanization adoption
Burera,unnamed_29,31753.83,tubers_and_roots,64734.59,12.79,85.74,63.1,50.52,5.01,0.42,56.18,99.16,78.75,Low irrigation adoption; Low mechanization adoption; Low improved-seed adoption
Cereals,,,,,,,,,,,,,,Multiple agricultural practices observed
Change,,,paddy_rice,0.1,,,,,,,,,,Multiple agricultural practices observed
Gakenke,unnamed_29,47497.77,tubers_and_roots,94380.13,12.89,98.54,82.95,59.25,5.37,0.42,51.63,99.17,71.18,Low irrigation adoption; Low mechanization adoption; Low improved-seed adoption
Gasabo,unnamed_29,23088.28,bananas,19774.6,25.66,77.63,42.43,38.16,18.24,0.66,54.27,89.8,66.7,Low mechanization adoption; Lower inorganic-fertilizer adoption
Gatsibo,unnamed_29,76939.56,bananas,104771.24,23.6,82.68,67.6,43.02,11.76,3.35,67.43,96.37,62.96,Low mechanization adoption
Gicumbi,unnamed_29,49380.42,tubers_and_roots,65504.89,11.44,97.37,60.98,50.09,8.91,0.19,54.43,98.87,76.13,Low irrigation adoption; Low mechanization adoption; Low improved-seed adoption
Gisagara,unnamed_29,48553.57,tubers_and_roots,89396.57,19.8,80.0,39.6,30.4,24.56,0.0,53.17,94.8,63.99,Low mechanization adoption; Low improved-seed adoption; Lower inorganic-fertilizer adoption
Huye,unnamed_29,37606.15,tubers_and_roots,55333.55,16.89,90.09,36.49,30.41,25.67,0.23,46.45,93.47,64.91,Low mechanization adoption; Low improved-seed adoption; Lower inorganic-fertilizer adoption
Kamonyi,unnamed_29,62841.14,tubers_and_roots,65488.99,20.49,87.22,35.9,36.65,19.96,0.94,52.06,95.49,69.09,Low mechanization adoption; Lower inorganic-fertilizer adoption
Karongi,unnamed_29,41181.9,tubers_and_roots,78058.32,12.9,95.02,64.48,25.34,14.22,0.0,50.18,96.38,68.81,Low mechanization adoption; Low improved-seed adoption
Kayonza,unnamed_29,77729.59,tubers_and_roots,69260.47,33.08,72.62,58.94,43.54,17.45,3.04,58.6,88.97,56.45,Low mechanization adoption
Kicukiro,unnamed_29,5435.4,bananas,5350.53,8.7,47.83,20.29,12.32,6.94,0.0,46.94,73.91,94.16,Low irrigation adoption; Low mechanization adoption; Low improved-seed adoption; Lower inorganic-fertilizer adoption
Kirehe,unnamed_29,76077.51,bananas,100139.8,8.41,50.07,43.31,22.76,13.76,0.69,68.74,82.9,78.14,Low mechanization adoption; Low improved-seed adoption; Lower inorganic-fertilizer adoption
LSF,,,,,,,,,,,,,,Multiple agricultural practices observed
Large scale farmer (LSF),unnamed_29,24880.88,,,,,,,,,,,,Multiple agricultural practices observed
Muhanga,unnamed_29,48353.12,tubers_and_roots,96624.9,10.14,91.47,39.4,23.96,14.32,0.23,59.36,96.77,78.66,Low mechanization adoption; Low improved-seed adoption; Lower inorganic-fertilizer adoption
Musanze,unnamed_29,24691.65,tubers_and_roots,62539.09,11.67,87.86,74.76,77.62,3.53,0.24,50.38,94.76,76.73,Low irrigation adoption; Low mechanization adoption; Low improved-seed adoption
National,,,,,20.9,,,,13.08,1.83,57.99,92.73,74.73,Low mechanization adoption
Ngoma,unnamed_29,61794.67,bananas,102665.38,10.39,48.53,28.68,16.9,5.92,0.16,61.29,80.0,91.39,Low irrigation adoption; Low mechanization adoption; Low improved-seed adoption; Lower inorganic-fertilizer adoption
Ngororero,unnamed_29,38639.0,tubers_and_roots,67236.79,24.07,97.53,81.07,49.38,4.46,0.0,60.22,98.77,68.63,Low irrigation adoption; Low mechanization adoption
Nyabihu,unnamed_29,26047.85,tubers_and_roots,84385.82,40.2,96.73,89.7,78.64,4.52,0.0,70.38,98.49,58.88,Low irrigation adoption; Low mechanization adoption
Nyagatare,unnamed_29,84416.84,bananas,70793.66,68.26,59.48,74.88,30.35,11.37,28.2,67.99,80.89,20.51,Multiple agricultural practices observed
Nyamagabe,unnamed_29,42654.33,tubers_and_roots,87152.84,16.1,96.6,70.29,51.47,8.99,0.0,43.33,97.28,70.96,Low irrigation adoption; Low mechanization adoption; Low improved-seed adoption
Nyamasheke,unnamed_29,43498.97,tubers_and_roots,93028.39,7.31,90.32,70.75,27.31,13.71,0.0,62.79,98.71,69.37,Low mechanization adoption; Low improved-seed adoption
Nyanza,unnamed_29,49528.04,tubers_and_roots,61212.28,27.52,87.41,40.65,39.57,22.13,0.0,57.37,97.12,63.04,Low mechanization adoption; Lower inorganic-fertilizer adoption
Nyarugenege,,,,,,,,,,,,,,Multiple agricultural practices observed
Nyarugenge,unnamed_29,9282.46,bananas,8859.13,21.05,64.66,34.59,29.32,8.21,0.0,57.07,80.45,82.63,Low irrigation adoption; Low mechanization adoption; Lower inorganic-fertilizer adoption
Nyaruguru,unnamed_29,37596.83,tubers_and_roots,85018.58,6.98,97.97,83.72,47.09,23.93,0.0,44.79,99.71,54.0,Low mechanization adoption; Low improved-seed adoption
Rubavu,unnamed_29,27238.15,tubers_and_roots,75679.57,25.26,66.32,70.79,74.21,2.1,0.0,54.14,94.21,74.35,Low irrigation adoption; Low mechanization adoption
Ruhango,unnamed_29,51715.08,tubers_and_roots,129843.85,14.63,85.18,28.52,27.2,14.58,0.38,48.77,95.31,80.34,Low mechanization adoption; Low improved-seed adoption; Lower inorganic-fertilizer adoption
Rulindo,unnamed_29,34263.38,tubers_and_roots,48479.08,14.42,95.61,68.03,57.37,19.08,0.31,54.68,96.55,61.48,Low mechanization adoption; Low improved-seed adoption
Rusizi,unnamed_29,46900.16,tubers_and_roots,131674.06,6.97,75.7,66.53,21.91,16.27,0.2,63.29,92.23,68.14,Low mechanization adoption; Low improved-seed adoption
Rutsiro,unnamed_29,30219.74,tubers_and_roots,58435.92,13.28,96.88,64.58,35.68,5.78,0.26,51.91,98.44,77.34,Low irrigation adoption; Low mechanization adoption; Low improved-seed adoption
Rwamagana,unnamed_29,46998.74,bananas,71296.17,24.15,74.65,49.7,37.92,14.42,0.8,71.23,90.62,68.62,Low mechanization adoption; Lower inorganic-fertilizer adoption
S/Total,,,tubers_and_roots,1945916.02,,,,,,,,,,Multiple agricultural practices observed
SSF,,,,,,,,,,,,,,Multiple agricultural practices observed
Small scale farmers (SSF),unnamed_29,1320006.25,,,,,,,,,,,,Multiple agricultural practices observed
"Source: NISR, SAS 2025",,,,,,,,,,,,,,Multiple agricultural practices observed
"Source: NISR, SAS 2026",,,,,,,,,,,,,,Multiple agricultural practices observed
Total,unnamed_29,1344887.02,,,,81.34,57.5,39.1,,,,,46.39,Multiple agricultural practices observed
